ZoneID,WindSpeed_kn,WindDirection,Season,Weather,Distance_m,IntrusionAttempts,TrueDetections,TrueDetectionRate,FalseAlarms_25s
Z07,19.89,SW,summer,clear,23.7,3,1,0.333,10
Z02,26.99,E,summer,clear,26.2,4,3,0.75,11
Z02,13.57,SW,spring,clear,22.9,2,1,0.5,5
Z01,18.78,W,autumn,cloudy,25.9,3,2,0.667,4
Z08,4.07,W,spring,clear,21.4,3,2,0.667,1
Z07,9.83,SE,spring,clear,16.2,4,3,0.75,2
Z08,15.13,NE,summer,clear,15.8,3,1,0.333,3
Z08,5.66,SE,winter,rain,27.4,2,0,0,2
Z02,0,SE,summer,cloudy,14.1,3,2,0.667,0
Z07,8.29,SW,autumn,cloudy,17.6,3,2,0.667,0
Z07,21.51,N,summer,clear,34.6,2,1,0.5,6
Z08,14.19,N,summer,clear,24.1,2,1,0.5,4
Z03,19.46,N,winter,clear,9.6,3,3,1,6
Z08,5.24,NE,summer,rain,28.4,3,2,0.667,3
Z08,15.12,NW,spring,clear,7.2,4,2,0.5,8
Z01,13.28,N,spring,clear,37.2,4,3,0.75,4
Z08,9.24,W,summer,clear,23.4,2,2,1,1
Z06,11.66,NW,autumn,clear,16.7,4,1,0.25,3
Z01,9.71,SE,summer,cloudy,33.4,3,2,0.667,2
Z05,4.41,SW,summer,fog,38.8,2,2,1,4
Z03,7.42,W,spring,cloudy,9.4,2,2,1,2
Z03,11.34,NW,summer,clear,7.1,4,4,1,2
Z04,14.39,S,winter,clear,17.5,3,3,1,3
Z01,10.14,NE,spring,cloudy,30.1,2,0,0,2
Z07,14.22,W,spring,clear,40.9,4,4,1,3
Z05,20.34,N,winter,clear,29.3,2,2,1,12
Z01,0,NE,summer,clear,4.7,3,3,1,0
Z03,11.57,NE,summer,snow,25.8,4,2,0.5,6
Z01,18.93,E,spring,cloudy,18.1,3,3,1,3
Z08,3.8,NE,autumn,rain,13,4,4,1,2
Z05,7.43,S,autumn,cloudy,3,2,0,0,3
Z05,16.14,W,spring,cloudy,28.5,2,2,1,8
Z01,4.59,NW,summer,rain,12.6,3,1,0.333,3
Z08,17.89,SE,winter,cloudy,3,2,2,1,2
Z06,3.24,W,summer,clear,24.4,3,1,0.333,2
Z08,8.7,W,spring,fog,13.4,4,1,0.25,1
Z07,7.07,N,spring,rain,28.2,2,2,1,2
Z01,0,NW,spring,rain,13.2,4,2,0.5,0
Z08,13.38,NW,autumn,rain,19.3,2,1,0.5,7
Z03,24.05,SW,spring,cloudy,24.7,3,0,0,10
Z05,1.66,E,autumn,cloudy,31.1,3,2,0.667,0
Z05,25.66,NE,spring,clear,30.8,2,1,0.5,8
Z04,19.74,SE,autumn,cloudy,15.9,4,1,0.25,8
Z06,16.07,W,summer,rain,24.3,3,2,0.667,5
Z05,9.84,E,summer,rain,16.6,3,0,0,5
Z03,28.94,SE,summer,cloudy,4.4,4,4,1,4
Z06,18.28,NE,winter,cloudy,11.1,4,3,0.75,4
Z07,22.95,NW,spring,snow,24.5,2,1,0.5,7
Z05,10.23,SW,autumn,clear,9.9,4,3,0.75,4
Z07,9.85,E,winter,clear,11.1,3,2,0.667,3
Z03,10.88,NE,winter,clear,21.9,3,2,0.667,1
Z03,13.33,SW,autumn,clear,17.5,4,2,0.5,8
Z04,3.44,NW,summer,rain,3.5,3,2,0.667,0
Z07,17.69,W,winter,clear,14.2,3,2,0.667,5
Z08,4.76,N,autumn,rain,24.5,4,2,0.5,3
Z02,8.92,SE,summer,cloudy,24.7,2,2,1,4
Z07,9.16,W,autumn,clear,17.1,4,2,0.5,2
Z03,16.89,S,summer,clear,18.6,4,3,0.75,7
Z01,16.11,N,spring,clear,21.8,3,1,0.333,7
Z03,8.34,NW,autumn,cloudy,12.9,4,4,1,1
Z03,14.7,W,autumn,rain,18.3,3,0,0,9
Z06,14.2,NW,spring,fog,11.7,3,3,1,1
Z08,10.59,SE,summer,clear,9.7,4,4,1,1
Z06,15.91,SE,summer,clear,27,3,2,0.667,1
Z03,1.06,SE,summer,rain,9.8,2,2,1,0
Z03,1.52,W,spring,clear,27.7,4,3,0.75,0
Z07,12.41,SW,spring,clear,22.8,4,4,1,0
Z02,0.66,SW,spring,cloudy,9.8,3,3,1,0
Z03,24.58,W,spring,rain,11.1,4,3,0.75,11
Z08,5.55,NE,autumn,cloudy,32.5,2,2,1,1
Z07,0,N,spring,clear,7.2,4,2,0.5,0
Z06,21.51,N,autumn,clear,22,4,4,1,4
Z05,18.26,NW,spring,rain,20.4,2,2,1,8
Z05,19.18,W,autumn,cloudy,23.4,2,1,0.5,7
Z03,8.47,S,spring,rain,16,4,1,0.25,3
Z02,14.23,NE,summer,rain,20.3,2,2,1,10
Z04,9.65,SW,winter,clear,37.5,3,2,0.667,4
Z04,9.47,S,spring,clear,22.8,3,2,0.667,1
Z01,16.67,E,spring,clear,19.4,3,2,0.667,3
Z05,11.67,NE,summer,fog,20.6,2,2,1,2
Z03,11.8,W,winter,fog,8.9,4,2,0.5,2
Z03,0,W,autumn,cloudy,15.9,4,3,0.75,0
Z04,19.35,NE,autumn,rain,24.8,2,1,0.5,9
Z07,23.12,S,spring,rain,7.2,4,3,0.75,8
Z06,15.89,SE,spring,rain,31.6,3,2,0.667,11
Z05,12.53,E,winter,clear,36.5,2,2,1,2
Z07,18.06,N,winter,clear,24.9,4,3,0.75,8
Z08,7.02,NW,autumn,cloudy,20,3,1,0.333,1
Z05,11.23,SE,spring,fog,17.4,4,3,0.75,1
Z02,11.26,SE,winter,clear,9.6,3,3,1,5
Z01,14.62,SW,spring,clear,23.3,4,2,0.5,8
Z05,12.85,SW,summer,cloudy,12.7,4,2,0.5,3
Z02,17.29,SW,spring,clear,34.4,4,3,0.75,5
Z02,14.38,NW,spring,cloudy,3,4,2,0.5,6
Z05,8.3,N,winter,cloudy,14.4,4,2,0.5,3
Z04,6.66,W,winter,snow,10.4,2,2,1,5
Z05,14.88,SW,summer,cloudy,18.5,2,1,0.5,4
Z03,22.12,NE,autumn,clear,17.7,2,2,1,7
Z05,12.43,W,winter,cloudy,6,2,1,0.5,4
Z06,7.41,N,summer,clear,24.9,4,3,0.75,2
Z02,15.64,N,summer,rain,6.4,2,1,0.5,9
Z02,5.08,S,spring,clear,17.6,2,1,0.5,0
Z06,11.31,W,spring,rain,11.1,2,1,0.5,5
Z07,12.03,SW,summer,clear,14.6,3,3,1,2
Z02,19.21,NE,summer,fog,22.7,2,1,0.5,9
Z06,5.97,SE,autumn,clear,16.4,4,3,0.75,1
Z03,11.41,SE,winter,cloudy,21.5,3,2,0.667,2
Z05,16.43,E,spring,rain,23.7,2,1,0.5,8
Z01,4.59,NE,spring,clear,24.2,3,2,0.667,0
Z07,7.01,NE,summer,clear,28.9,2,2,1,3
Z01,0,N,spring,rain,19.6,2,1,0.5,0
Z07,17.48,SE,summer,clear,14.2,2,2,1,9
Z06,16.33,E,spring,rain,10,2,1,0.5,10
Z06,7.6,NW,summer,clear,15.2,3,2,0.667,2
Z07,11.19,W,winter,snow,26.5,2,1,0.5,3
Z08,12.16,S,autumn,cloudy,17.8,2,1,0.5,4
Z08,11.84,E,summer,cloudy,21.7,4,1,0.25,7
Z05,0,SE,summer,cloudy,3,4,3,0.75,0
Z08,0,SE,summer,clear,28,2,2,1,0
Z07,15.96,SW,spring,cloudy,5.1,4,3,0.75,5
Z08,0.88,S,spring,clear,3,3,2,0.667,0
Z08,14.88,SE,spring,cloudy,47.1,4,2,0.5,3
Z03,28.17,NW,spring,rain,29.2,2,0,0,24
Z08,14.47,N,spring,cloudy,14.9,4,1,0.25,3
Z03,9.34,E,summer,fog,33.3,2,1,0.5,7
Z05,14.04,NE,autumn,clear,16.8,4,4,1,3
Z05,5.59,W,winter,cloudy,14.6,4,1,0.25,0
Z02,16.22,SE,winter,fog,31.8,3,2,0.667,3
Z03,16.56,NW,autumn,clear,15.8,3,1,0.333,5
Z04,12.2,E,summer,clear,34,4,1,0.25,5
Z07,5.92,NE,summer,cloudy,19.2,3,2,0.667,2
Z04,14.52,SW,spring,cloudy,22.9,3,1,0.333,4
Z06,9.23,SW,summer,cloudy,43,3,2,0.667,6
Z07,3,SE,spring,rain,21.1,3,2,0.667,0
Z01,10.66,SW,summer,clear,5.4,3,2,0.667,1
Z03,12.8,SW,autumn,clear,28.8,4,4,1,3
Z06,4.5,S,spring,clear,23.2,3,3,1,2
Z07,21.28,NE,summer,clear,3,2,2,1,4
Z07,0.22,E,autumn,snow,33.1,2,0,0,0
Z07,0,SE,winter,rain,30.8,4,4,1,0
Z06,0,N,summer,clear,23.1,4,2,0.5,0
Z05,26.06,SW,autumn,rain,10.7,2,2,1,14
Z07,10.34,S,summer,cloudy,25.5,4,1,0.25,1
Z01,9.44,N,autumn,clear,27.7,4,2,0.5,3
Z08,5.42,W,summer,fog,21.6,4,2,0.5,1
Z03,14.39,S,winter,clear,20.3,3,2,0.667,3
Z06,7.08,W,summer,rain,3,3,2,0.667,1
Z04,2.13,S,autumn,fog,24.5,3,1,0.333,0
Z01,4.53,NE,autumn,clear,32.6,2,1,0.5,0
Z02,15.56,NE,winter,rain,22.9,4,4,1,7
Z01,12.33,NE,autumn,clear,21.9,4,3,0.75,3
Z07,6.18,S,spring,rain,30.8,4,3,0.75,6
Z04,1.56,N,summer,cloudy,31.7,4,1,0.25,0
Z07,20.91,W,autumn,cloudy,4.3,4,3,0.75,9
Z05,13.97,NW,autumn,clear,4,2,1,0.5,4
Z06,10.04,SE,autumn,cloudy,32.3,2,2,1,0
Z07,13.74,W,summer,snow,14.7,3,2,0.667,6
Z07,0,SE,winter,rain,21.4,2,1,0.5,0
Z08,25.32,S,summer,cloudy,30.2,2,2,1,11
Z01,25.46,N,spring,rain,14.7,2,0,0,20
Z03,10.5,SW,autumn,clear,29.1,3,2,0.667,3
Z02,15.55,SW,autumn,rain,14.2,2,1,0.5,8
Z04,4.78,S,spring,cloudy,12.2,4,3,0.75,1
Z04,3.48,NW,summer,rain,15.5,2,1,0.5,2
Z06,2.57,NW,summer,cloudy,34.6,3,2,0.667,0
Z05,5.12,E,summer,fog,4.1,3,3,1,0
Z02,11.94,N,summer,rain,3,2,2,1,2
Z08,11.72,NE,autumn,clear,20.9,2,2,1,6
Z03,13.19,E,autumn,fog,29.3,4,0,0,7
Z04,5.87,NW,autumn,clear,8.8,4,3,0.75,1
Z05,10.19,SW,autumn,clear,14.1,3,2,0.667,1
Z07,0,N,autumn,clear,26.6,4,4,1,0
Z03,9.9,SW,spring,clear,13.1,2,2,1,0
Z07,2.22,NE,summer,clear,30.2,3,3,1,1
Z05,9.4,NW,spring,clear,14.4,4,3,0.75,4
Z04,0.62,SW,summer,rain,21,2,1,0.5,0
Z02,13.4,S,winter,rain,30.2,3,2,0.667,4
Z04,8.85,NE,winter,clear,26,4,1,0.25,0
Z05,12.23,NW,autumn,fog,24.4,3,2,0.667,5
Z04,9.78,SW,spring,rain,3,4,4,1,5
Z04,9.17,NE,winter,rain,6.5,2,0,0,6
Z06,9.34,SE,autumn,clear,11.3,2,2,1,2
Z01,13.51,W,winter,clear,8,2,1,0.5,4
Z02,15.4,S,spring,clear,28,2,1,0.5,2
Z03,17.39,E,spring,clear,35.8,3,2,0.667,6
Z05,6.36,SW,autumn,snow,22.3,2,1,0.5,3
Z03,27.5,NW,spring,clear,24.3,2,0,0,6
Z04,16.61,N,spring,snow,21.6,2,1,0.5,8
Z02,0,E,summer,cloudy,33.1,2,2,1,0
Z02,9.22,SE,spring,cloudy,30,3,1,0.333,3
Z04,2.35,SE,winter,cloudy,25,4,3,0.75,1
Z01,20.11,NW,autumn,clear,25.8,2,1,0.5,9
Z03,15.71,N,summer,clear,5.9,3,3,1,2
Z03,11.76,SE,summer,clear,24.1,3,3,1,0
Z03,19.16,W,winter,cloudy,15.3,4,2,0.5,10
Z08,0,E,spring,rain,14.9,3,2,0.667,0
Z05,6.41,W,summer,clear,25,4,3,0.75,1
Z04,12.44,NE,winter,clear,25.6,2,2,1,3
Z07,8.33,E,summer,rain,21,2,1,0.5,6
Z07,11.34,NE,spring,cloudy,12.8,4,3,0.75,0
Z02,9.45,W,summer,clear,27.3,2,1,0.5,3
Z03,16.74,SE,spring,clear,33,3,1,0.333,3
Z06,7.69,NW,summer,clear,17,4,2,0.5,1
Z03,15.55,S,autumn,clear,22.3,2,2,1,4
Z08,15.84,E,summer,clear,10,2,2,1,3
Z06,6.31,SW,autumn,clear,26,3,2,0.667,4
Z08,18.86,SW,summer,clear,11.3,2,1,0.5,9
Z01,16.05,NE,autumn,clear,9.2,4,2,0.5,3
Z06,5.68,W,summer,fog,11.9,3,3,1,1
Z03,0.92,S,spring,rain,9.6,2,1,0.5,0
Z02,19.24,SE,summer,cloudy,22.5,2,1,0.5,7
Z02,0,S,spring,clear,26.3,4,4,1,0
Z03,0,E,spring,clear,14.5,3,2,0.667,0
Z04,12.09,E,spring,clear,23.6,4,3,0.75,3
Z06,20.42,N,summer,rain,29.3,4,1,0.25,6
Z01,0,SE,summer,rain,39.4,3,2,0.667,0
Z08,13.83,NW,winter,clear,33.7,2,2,1,6
Z04,19.98,W,summer,clear,3,2,2,1,5
Z01,12.59,N,winter,clear,30.5,2,0,0,4
Z05,10.77,SE,spring,cloudy,26.5,2,2,1,5
Z07,23,E,autumn,fog,16.5,4,3,0.75,5
Z08,10.33,W,spring,snow,3,4,2,0.5,0
Z07,11.39,SW,winter,rain,4.7,4,3,0.75,9
Z05,3.88,N,summer,cloudy,25.9,2,1,0.5,2
Z07,16.03,S,autumn,clear,22.9,2,1,0.5,5
Z06,21.5,NW,summer,clear,3,3,3,1,4
Z02,7.96,E,summer,clear,4.8,4,2,0.5,2
Z07,5.12,NE,spring,snow,20.7,3,1,0.333,2
Z06,9.37,SE,autumn,fog,28.2,3,0,0,1
Z08,9.13,W,summer,clear,3,3,3,1,0
Z03,10.92,W,spring,cloudy,12.3,4,1,0.25,2
Z06,8.97,NW,winter,rain,20.4,4,1,0.25,3
Z08,13.52,S,summer,clear,18.9,2,2,1,3
Z05,17.71,SE,summer,clear,30.9,2,2,1,5
Z03,15.39,SE,autumn,cloudy,35.2,4,2,0.5,3
Z01,17.63,SE,autumn,rain,34.4,2,1,0.5,11
Z07,10.5,W,winter,clear,26.8,3,2,0.667,0
Z04,8.21,NE,summer,rain,21.5,3,1,0.333,2
Z04,16.3,N,winter,fog,24.1,4,2,0.5,5
Z02,0.25,E,winter,clear,23.9,4,3,0.75,0
Z03,22.05,NE,winter,snow,20.5,3,1,0.333,9
Z04,11.49,SW,summer,clear,32.7,3,1,0.333,6
Z03,14.17,SW,autumn,rain,41.6,3,2,0.667,9
Z06,20.67,NE,autumn,clear,14.6,3,2,0.667,7
Z04,17.77,SE,summer,clear,3,2,2,1,8
Z05,21.47,E,autumn,clear,20.9,2,1,0.5,7
Z08,7.9,W,summer,clear,10.3,3,2,0.667,3
Z02,28.75,N,spring,clear,32.9,2,0,0,7
Z04,5.35,N,summer,rain,9.9,2,1,0.5,1
Z06,12.83,NE,winter,clear,13.4,3,3,1,3
Z01,22.96,S,autumn,clear,24.5,4,3,0.75,6
Z01,0,S,spring,rain,16.3,4,1,0.25,0
Z05,15.47,SW,summer,cloudy,11.4,3,2,0.667,2
Z08,10.77,N,winter,clear,18.9,4,2,0.5,1
Z05,11.01,E,summer,clear,21.6,2,2,1,1
Z06,0,W,autumn,cloudy,11,4,3,0.75,0
Z05,3.15,W,autumn,fog,37.3,3,1,0.333,2
Z06,29.21,N,spring,cloudy,11.7,3,1,0.333,5
Z02,14.74,SW,spring,cloudy,21.1,4,1,0.25,5
Z08,8.27,N,spring,rain,3,3,1,0.333,2
Z07,10.29,SW,autumn,clear,46.3,3,2,0.667,2
Z04,7.37,E,spring,clear,20.9,3,2,0.667,1
Z03,22.36,W,autumn,snow,14.8,4,3,0.75,7
Z01,5.13,E,spring,cloudy,3,4,4,1,0
Z08,7.56,N,summer,clear,14.7,2,2,1,0
Z02,17.46,E,summer,clear,23,2,0,0,3
Z05,0.35,S,winter,clear,29.8,4,3,0.75,0
Z05,11.25,SE,spring,fog,20.8,4,2,0.5,3
Z05,8.03,SW,summer,cloudy,29.8,2,2,1,1
Z07,6.25,W,spring,clear,16.6,4,3,0.75,0
Z03,6.52,SW,summer,cloudy,7.4,4,2,0.5,1
Z08,0,SW,spring,clear,21.2,2,0,0,0
Z07,8.24,NE,spring,clear,23.1,2,2,1,4
Z07,9.22,W,summer,clear,19.1,3,2,0.667,4
Z01,5.96,E,summer,clear,5.9,2,1,0.5,0
Z04,12.29,E,summer,rain,25.4,4,3,0.75,7
Z04,6.95,N,spring,cloudy,13.6,4,3,0.75,2
Z05,9.82,NE,winter,clear,30.6,2,1,0.5,3
Z06,23.5,S,spring,rain,17.1,4,1,0.25,18
Z06,3.81,S,spring,clear,3,2,1,0.5,0
Z02,12.8,E,summer,rain,7.3,3,0,0,3
Z02,7.23,SW,spring,clear,19.5,3,1,0.333,3
Z02,6.51,NW,autumn,snow,43,2,1,0.5,2
Z07,8.87,NE,spring,clear,33.8,2,1,0.5,3
Z08,3.53,SE,autumn,clear,16.7,2,2,1,3
Z08,0,N,summer,clear,43.6,3,2,0.667,0
Z03,12.83,W,summer,clear,13.7,2,2,1,7
Z01,12.09,NW,spring,fog,22.7,4,1,0.25,4
Z03,11.33,E,autumn,cloudy,32.6,4,3,0.75,3
Z03,15.66,W,summer,clear,10.7,2,2,1,5
Z06,20.25,N,autumn,rain,21.7,2,2,1,14
Z03,26.54,N,winter,cloudy,4.3,2,1,0.5,3
Z03,19.34,E,spring,clear,22.3,2,1,0.5,5
Z06,7.34,NE,spring,clear,8.7,2,1,0.5,5
Z06,11.5,E,summer,snow,21.3,4,2,0.5,2
Z01,17.46,NE,summer,clear,18.5,2,2,1,5
Z05,11.7,NW,winter,snow,23.7,2,2,1,2
Z01,4.13,SW,autumn,rain,39.7,3,1,0.333,0
Z03,10.41,E,summer,clear,23.7,4,2,0.5,3
Z07,14.93,E,summer,clear,46.7,3,0,0,3
Z02,16.74,E,summer,rain,11.2,4,4,1,10
Z04,5.09,N,summer,cloudy,26.9,2,1,0.5,0
Z03,9.5,N,summer,clear,11.8,2,1,0.5,4
Z06,9.07,S,summer,cloudy,31,4,3,0.75,2
Z01,8.16,N,autumn,cloudy,27,3,1,0.333,1
Z03,20.46,S,summer,fog,20.9,3,0,0,5
Z01,16.31,SW,spring,clear,35.1,2,2,1,6
Z06,6.03,W,spring,clear,23.4,2,1,0.5,3
Z08,2.16,S,winter,clear,23.4,3,2,0.667,0
Z03,9.64,S,summer,cloudy,36.1,4,2,0.5,2
Z04,6.27,SW,autumn,rain,18.2,3,3,1,0
Z01,18.73,NE,summer,cloudy,37.4,3,1,0.333,8
Z04,8.54,NE,winter,clear,26.2,4,4,1,1
Z04,15.85,S,winter,clear,50.9,3,0,0,9
Z06,7.31,N,winter,clear,3.9,3,2,0.667,2
Z07,16.1,N,winter,cloudy,20.2,4,3,0.75,3
Z05,15.42,N,spring,cloudy,16.5,2,2,1,3
Z06,13.24,E,spring,rain,24.2,3,2,0.667,7
Z04,0,N,summer,clear,24.9,4,2,0.5,0
Z03,10.02,N,autumn,clear,4.6,4,4,1,2
Z02,10.05,NW,winter,snow,22.3,3,1,0.333,3
Z03,8.5,N,summer,clear,3,3,2,0.667,2
Z04,10.18,S,winter,snow,24,3,2,0.667,9
Z04,11.72,NW,autumn,clear,16.4,4,4,1,5
Z05,19.45,SW,autumn,clear,23.8,3,2,0.667,14
Z04,9.39,SW,spring,rain,29.8,2,1,0.5,1
Z01,25.59,NE,autumn,clear,11.5,3,0,0,7
Z04,21.54,NE,winter,cloudy,4.5,4,1,0.25,10
Z03,18.12,W,summer,rain,22.7,2,1,0.5,9
Z07,10.3,S,winter,rain,21.6,4,4,1,6
Z04,14.5,NW,summer,clear,19.4,3,3,1,3
Z02,5.56,E,autumn,clear,4.6,2,2,1,2
Z03,15.3,NE,winter,cloudy,16.7,2,0,0,7
Z01,6.67,W,autumn,clear,30.3,3,2,0.667,2
Z06,16.07,N,spring,clear,21.1,4,3,0.75,4
Z02,17.96,W,spring,clear,19.3,2,2,1,4
Z03,26.38,SE,spring,clear,23.1,2,2,1,9
Z06,8,SW,spring,clear,44.2,3,2,0.667,3
Z05,17.51,N,autumn,clear,12.3,2,0,0,1
Z04,0,SE,autumn,clear,23.5,3,2,0.667,0
Z02,7.61,SW,autumn,rain,19.4,4,3,0.75,9
Z07,21.35,W,winter,clear,36.6,4,1,0.25,12
Z07,25.41,S,autumn,clear,20.1,3,2,0.667,6
Z03,15.42,N,spring,fog,6.4,4,2,0.5,2
Z07,7.57,S,autumn,cloudy,15.5,3,1,0.333,5
Z01,0,SW,winter,snow,13,2,1,0.5,0
Z06,3.41,NW,spring,clear,12.6,4,4,1,0
Z03,10.75,N,autumn,cloudy,24.7,3,3,1,2
Z01,17.38,E,spring,clear,22.8,4,3,0.75,6
Z04,13.73,N,autumn,rain,16.3,2,0,0,6
Z06,16.42,S,autumn,clear,3.3,4,3,0.75,3
Z07,17.3,W,autumn,cloudy,18.6,3,2,0.667,5
Z07,20.19,SE,spring,rain,29.3,2,2,1,17
Z04,15.82,N,winter,clear,24.6,3,3,1,5
Z05,9.69,NW,spring,fog,15.1,3,1,0.333,6
Z08,17.87,SE,spring,cloudy,17.8,2,2,1,5
Z04,9.87,NE,autumn,cloudy,31.5,2,1,0.5,6
Z04,9.7,SE,summer,cloudy,22.4,3,1,0.333,2
Z01,22.02,NE,summer,rain,18.6,4,2,0.5,18
Z05,14.07,S,summer,clear,19.1,3,3,1,2
Z07,2.52,NE,spring,rain,3,4,3,0.75,0
Z08,14.76,E,winter,rain,36.4,4,2,0.5,18
Z03,12.12,E,autumn,clear,7.9,3,2,0.667,1
Z02,14.24,SW,spring,cloudy,34.1,4,3,0.75,2
Z06,9.1,SE,spring,clear,7.8,2,2,1,1
Z01,0.81,N,winter,fog,23.2,4,3,0.75,0
Z01,10.38,NE,spring,clear,4.1,4,4,1,2
Z07,8.67,S,summer,clear,16.8,2,0,0,2
Z05,4.29,N,summer,clear,28.9,2,2,1,0
Z06,6.71,SE,winter,rain,31,2,1,0.5,5
Z02,6.14,S,summer,rain,19.5,4,3,0.75,3
Z08,11.54,SW,summer,clear,3,2,0,0,6
Z01,6.37,SE,winter,rain,13.8,2,2,1,1
Z07,23.91,W,spring,clear,17.5,4,2,0.5,3
Z04,6.36,S,summer,clear,24.4,4,3,0.75,2
Z08,7.17,NE,spring,clear,17.5,2,2,1,2
Z02,27.67,S,autumn,snow,16.8,3,2,0.667,15
Z07,5.25,SW,autumn,rain,22,4,3,0.75,2
Z05,13.13,W,autumn,cloudy,13.1,2,1,0.5,2
Z05,5.26,NE,summer,cloudy,18.2,4,3,0.75,1
Z01,8.21,N,summer,clear,28.7,3,3,1,2
Z08,7.44,NE,summer,clear,11.8,2,2,1,2
Z08,10.88,SE,summer,fog,11.8,2,2,1,7
Z06,6.27,E,winter,rain,42.8,3,2,0.667,1
Z02,0,N,autumn,rain,24.4,4,4,1,0
Z05,13.2,SW,spring,clear,27.8,2,2,1,4
Z05,15.83,SE,autumn,clear,31.3,3,0,0,3
Z01,14.5,SE,spring,clear,17,2,1,0.5,3
Z04,4.63,E,spring,rain,22,3,2,0.667,0
Z02,35,SW,autumn,rain,3,3,2,0.667,17
Z04,9.23,W,spring,rain,11.6,3,1,0.333,1
Z05,19.37,W,summer,fog,25.3,2,1,0.5,15
Z08,6.5,W,autumn,clear,5.8,2,2,1,1
Z08,9.43,NW,winter,cloudy,28.2,2,2,1,0
Z07,6.1,S,summer,clear,3,2,0,0,2
Z06,21.73,SW,spring,cloudy,31.2,2,0,0,7
Z07,24.03,W,summer,rain,25.4,4,2,0.5,16
Z02,14.78,N,winter,snow,31.6,4,4,1,4
Z08,11.45,N,winter,clear,11.5,4,2,0.5,6
Z01,8.97,SE,autumn,fog,29.8,4,2,0.5,3
Z08,8.73,NW,summer,cloudy,15.2,4,3,0.75,1
Z01,3.1,NW,spring,rain,23.9,3,2,0.667,1
Z07,5.29,E,summer,rain,28,4,2,0.5,1
Z06,7.24,N,summer,cloudy,4.3,4,2,0.5,1
Z03,10.17,NE,autumn,rain,18.1,3,3,1,6
Z03,0,NE,summer,rain,23.7,2,2,1,0
Z03,11.63,N,summer,clear,10.5,3,3,1,3
Z02,8.9,NW,winter,rain,3,2,2,1,5
Z03,12.2,E,winter,clear,31.2,2,0,0,3
Z07,14.85,NW,summer,clear,20.9,3,2,0.667,3
Z03,25.68,E,spring,clear,16.3,2,1,0.5,7
Z06,24.4,SW,winter,clear,18.7,4,3,0.75,11
Z01,4.47,E,summer,rain,22.5,4,2,0.5,0
Z04,3.13,N,summer,clear,35.5,2,1,0.5,1
Z07,11.61,S,spring,clear,18.6,4,3,0.75,3
Z01,14.57,NW,autumn,cloudy,5.8,4,2,0.5,4
Z07,11.63,SE,spring,cloudy,23.8,2,0,0,1
Z01,2.22,NE,summer,fog,19.6,3,3,1,1
Z04,12.14,SW,autumn,clear,12.3,3,0,0,2
Z06,7.65,N,winter,clear,23.8,2,1,0.5,1
Z08,15.77,S,winter,clear,44.3,4,1,0.25,5
Z06,8.38,SW,autumn,rain,19.6,4,3,0.75,6
Z02,5.68,NW,spring,clear,23.2,4,3,0.75,5
Z07,17.58,N,winter,clear,9.9,4,3,0.75,3
Z05,12.64,SE,spring,snow,18.4,3,2,0.667,4
Z02,12.52,NE,summer,clear,21.9,3,2,0.667,1
Z02,24.56,NE,spring,clear,23.7,2,1,0.5,6
Z07,12.15,SW,summer,rain,21.4,2,1,0.5,6
Z01,17.54,SE,summer,rain,16.9,2,2,1,5
Z01,16.5,W,winter,clear,19,4,2,0.5,8
Z07,9.53,W,autumn,clear,32.9,4,4,1,4
Z03,17.94,W,summer,clear,27.6,2,1,0.5,7
Z02,13.33,S,autumn,clear,8.6,3,2,0.667,4
Z08,0,NW,autumn,cloudy,8.9,4,4,1,0
Z03,17.92,SW,spring,rain,14.6,3,2,0.667,5
Z04,1.04,NW,spring,cloudy,8,2,0,0,0
Z02,7.76,S,winter,clear,28.8,2,2,1,3
Z04,10.35,N,spring,rain,15.5,3,2,0.667,1
Z08,7.65,N,summer,clear,16.4,3,1,0.333,4
Z08,6.49,SW,spring,cloudy,25.6,4,3,0.75,0
Z08,14.67,NW,spring,clear,9,2,1,0.5,4
Z04,1.5,N,autumn,clear,22.9,3,2,0.667,0
Z07,14.53,S,summer,clear,30.8,2,2,1,7
Z04,15.86,W,winter,cloudy,11.2,4,4,1,4
Z07,5.65,N,winter,clear,22.5,2,2,1,1
Z03,9.71,SE,autumn,clear,3,2,2,1,1
Z02,17.69,NW,autumn,clear,18.9,3,2,0.667,6
Z02,13.75,E,spring,cloudy,13.9,3,2,0.667,4
Z05,23.24,NE,autumn,clear,10.1,3,2,0.667,6
Z04,17.01,NE,spring,cloudy,20.3,3,1,0.333,6
Z05,16.05,N,spring,clear,27.3,3,2,0.667,8
Z02,11.9,SW,summer,clear,39.8,3,2,0.667,5
Z06,0,NE,autumn,cloudy,25.8,3,3,1,0
Z07,7.29,SW,summer,rain,13.5,4,0,0,5
Z06,0.7,NE,winter,clear,9.8,2,2,1,0
Z02,4.98,S,spring,clear,28.7,2,2,1,0
Z05,12.17,S,spring,clear,40.4,2,0,0,4
Z08,0.83,SW,spring,clear,11.3,2,2,1,0
Z02,27.07,NW,spring,rain,21.8,2,2,1,17
Z02,18.56,NW,autumn,clear,14.6,3,2,0.667,4
Z07,10.8,SW,spring,cloudy,5.3,4,3,0.75,2
Z05,20.79,NW,winter,rain,20.7,3,1,0.333,13
Z07,17.5,SE,autumn,clear,19.1,3,3,1,4
Z08,11.64,NW,spring,clear,28.3,4,2,0.5,3
Z08,22.47,NE,spring,clear,10.9,3,3,1,6
Z02,8.35,SE,winter,cloudy,38.9,2,2,1,3
Z02,11.46,SE,winter,clear,40.7,3,2,0.667,3
Z05,13.78,W,summer,rain,15.9,4,2,0.5,14
Z06,1.93,W,spring,clear,22.8,3,1,0.333,1
Z05,8.05,N,winter,cloudy,16.6,2,1,0.5,0
Z06,10.19,S,summer,cloudy,24.3,2,0,0,1
Z02,6.29,NE,spring,clear,5.9,2,2,1,2
Z07,8.43,NE,autumn,cloudy,12.2,3,3,1,4
Z08,17.77,NE,summer,clear,32.5,2,2,1,3
Z08,4.13,NW,spring,clear,23.8,2,2,1,1
Z06,4.93,SW,autumn,rain,24.2,4,3,0.75,1
Z05,11.88,N,summer,cloudy,20.7,2,2,1,0
Z06,5.17,E,summer,rain,3,2,1,0.5,2
Z01,25.4,NW,summer,clear,20.4,4,1,0.25,6
Z01,21.13,SW,summer,clear,40.3,2,2,1,6
Z03,4.85,S,spring,clear,30.4,2,2,1,0
Z01,18.23,NW,winter,clear,18.1,4,2,0.5,4
Z03,7.05,NE,summer,clear,5.8,3,1,0.333,2
Z01,21.61,SW,summer,rain,20.1,2,1,0.5,17
Z07,14.89,SE,autumn,cloudy,24.7,4,1,0.25,3
Z07,23.1,SE,winter,rain,36.3,4,2,0.5,17
Z08,5.87,SW,autumn,fog,13.8,4,2,0.5,2
Z01,5.66,W,autumn,clear,30.2,2,2,1,5
Z07,21.75,N,autumn,rain,13.3,3,2,0.667,7
Z04,17.27,E,summer,clear,25.1,3,3,1,6
Z05,8.65,NE,winter,clear,3.5,3,2,0.667,2
Z02,14.66,E,autumn,rain,25.4,4,2,0.5,5
Z07,14.74,SW,spring,snow,20.5,4,1,0.25,9
Z02,10.7,SE,summer,rain,28.2,4,2,0.5,4
Z05,11.32,SW,autumn,clear,34.8,2,2,1,4
Z07,18.32,SE,winter,cloudy,19,3,2,0.667,7
Z03,12.86,NE,spring,cloudy,39.8,3,2,0.667,2
Z07,14.66,SW,spring,rain,37.7,2,1,0.5,6
Z08,6.82,SE,spring,snow,24,2,1,0.5,4
Z04,9.82,E,spring,rain,9.7,4,2,0.5,2
Z02,21.31,W,winter,clear,26.9,2,1,0.5,3
Z05,6.3,NW,summer,clear,24,4,4,1,0
Z06,4.58,SW,spring,rain,23.1,4,4,1,2
Z05,11.44,SW,winter,clear,25,2,1,0.5,2
Z06,10.6,NW,spring,clear,3,3,2,0.667,3
Z04,9.73,NW,spring,clear,38.1,3,2,0.667,3
Z07,12.53,NE,spring,cloudy,16.8,3,2,0.667,3
Z05,22.69,E,winter,clear,10.7,2,0,0,6
Z08,20.23,E,summer,rain,16.9,3,2,0.667,11
Z07,20.09,SE,spring,fog,25.1,3,2,0.667,10
Z02,11.72,SW,summer,clear,13.2,3,3,1,2
Z01,4.39,W,autumn,clear,14.1,2,2,1,1
Z06,2.69,S,summer,clear,31.6,3,2,0.667,2
Z06,10.6,NW,autumn,fog,12.7,4,2,0.5,3
Z03,10.87,S,autumn,cloudy,10.2,3,1,0.333,3
Z01,8.65,S,autumn,clear,9.4,3,2,0.667,2
Z07,8.27,E,autumn,clear,28.1,3,2,0.667,2
Z04,10.22,NE,spring,cloudy,27.8,3,2,0.667,1
Z02,6.62,SE,summer,clear,9.1,2,2,1,1
Z06,3.42,NE,autumn,rain,20.1,3,2,0.667,1
Z07,9.15,N,spring,rain,34.3,2,1,0.5,5
Z02,15.19,S,summer,clear,12.8,2,1,0.5,7
Z02,14.6,S,spring,cloudy,19.3,4,3,0.75,3
Z05,10.89,W,spring,rain,21.6,2,0,0,6
Z06,6.59,W,winter,clear,7.9,4,2,0.5,2
Z08,16.35,S,autumn,cloudy,15.3,3,1,0.333,2
Z02,4.62,NW,spring,rain,14.4,4,2,0.5,0
Z08,12.46,W,summer,snow,24.6,3,1,0.333,6
Z01,11.38,NW,autumn,cloudy,21,2,0,0,2
Z02,22.16,N,spring,clear,19,4,4,1,5
Z06,14.82,N,autumn,snow,3,2,2,1,5
Z08,15.12,E,spring,rain,15.9,2,2,1,14
Z08,12.05,W,summer,snow,22.4,4,1,0.25,6
Z06,14.7,E,summer,clear,14.9,4,3,0.75,4
Z03,5.87,SE,winter,rain,35.3,3,2,0.667,1
Z06,9.54,S,autumn,clear,42,4,2,0.5,4
Z01,12.14,NE,summer,clear,30.1,4,0,0,4
Z07,1.44,N,summer,clear,30.4,2,1,0.5,0
Z04,12.12,S,autumn,clear,22,2,1,0.5,5
Z02,9.65,S,spring,clear,3,2,1,0.5,1
Z08,16.58,E,spring,rain,3,2,1,0.5,5
Z08,13.67,S,spring,rain,3,4,4,1,4
Z07,23.56,W,winter,cloudy,32,3,1,0.333,6
Z05,10.05,W,summer,clear,19.4,4,2,0.5,3
Z06,12.2,W,spring,fog,10.1,2,2,1,2
Z05,14.87,SW,winter,cloudy,31.2,3,3,1,3
Z05,25.25,SW,autumn,clear,28.8,3,1,0.333,10
Z04,15.07,N,autumn,clear,21.5,2,1,0.5,4
Z02,4.23,E,autumn,clear,11.9,4,3,0.75,3
Z07,7.92,N,summer,cloudy,34.4,3,3,1,2
Z04,19.06,SE,summer,clear,5.5,3,3,1,9
Z05,7.75,NE,autumn,rain,24.6,3,2,0.667,3
Z05,19.77,N,spring,rain,32.8,3,1,0.333,17
Z08,22.87,W,spring,snow,17.7,2,2,1,6
Z06,15.04,NE,summer,clear,16.7,2,1,0.5,4
Z03,5.94,NE,winter,clear,22,3,3,1,0
Z06,14.2,S,winter,cloudy,24.5,2,2,1,5
Z03,18.27,N,spring,clear,13.1,2,2,1,5
Z01,0,S,spring,rain,3,2,2,1,0
Z02,17.9,SW,spring,cloudy,3,2,1,0.5,3
Z04,5.62,NE,spring,rain,32.4,2,1,0.5,3
Z03,6.41,S,summer,fog,24.4,3,1,0.333,2
Z04,9.24,N,summer,cloudy,6,2,2,1,0
Z03,11.47,NW,spring,clear,18.4,3,1,0.333,3
Z06,9.8,NE,summer,clear,22.2,2,1,0.5,1
Z05,11.63,SW,winter,rain,25.5,2,2,1,6
Z03,5.14,NW,autumn,clear,30.6,4,2,0.5,3
Z03,2.65,SE,summer,clear,28.5,3,2,0.667,2
Z08,9.89,SE,summer,rain,25.4,4,2,0.5,7
Z02,17.81,N,autumn,clear,8,3,2,0.667,5
Z04,19.71,SE,spring,rain,21.6,3,2,0.667,13
Z05,14.48,SW,autumn,clear,10.4,3,2,0.667,3
Z06,26.39,N,summer,clear,5.5,2,1,0.5,7
Z07,13.53,N,spring,rain,24.6,2,0,0,8
Z05,10.16,NW,spring,clear,12.8,3,2,0.667,2
Z06,22.16,NE,winter,clear,15.6,2,1,0.5,4
Z06,15.44,NE,autumn,clear,17.9,4,2,0.5,2
Z07,11.86,NE,summer,rain,34.5,4,2,0.5,10
Z05,6.39,NE,spring,cloudy,37.6,2,0,0,2
Z07,14.01,NE,summer,cloudy,36.1,4,2,0.5,5
Z03,3.59,NE,autumn,clear,12.3,3,2,0.667,0
Z04,12.26,E,summer,clear,30.1,3,1,0.333,8
Z08,8.81,W,autumn,clear,25.5,4,3,0.75,3
Z04,13.02,NW,spring,rain,34.1,3,2,0.667,8
Z03,11.94,E,summer,clear,13.1,2,0,0,5
Z02,7.36,SE,autumn,clear,19,2,1,0.5,3
Z05,8.29,W,spring,clear,15.2,3,3,1,3
Z06,13.69,SE,summer,snow,14.3,4,1,0.25,2
Z05,5.11,SW,summer,cloudy,16.8,4,4,1,0
Z01,15,NE,spring,clear,23.7,3,2,0.667,4
Z07,18.82,W,summer,snow,45.7,2,1,0.5,10
Z06,0,N,summer,rain,14.4,4,2,0.5,0
Z03,10.33,SW,autumn,rain,41,4,2,0.5,6
Z07,24.33,SE,autumn,clear,10.8,3,1,0.333,10
Z01,10.26,N,summer,clear,3,4,4,1,5
Z08,5.1,NW,autumn,clear,26.4,3,2,0.667,1
Z06,7.94,SW,spring,clear,28.1,4,3,0.75,1
Z02,24.93,E,summer,clear,16.5,2,1,0.5,5
Z01,7.38,S,winter,clear,26.8,2,2,1,1
Z07,17.09,N,summer,rain,34.9,4,3,0.75,14
Z02,2.2,SE,spring,rain,39.1,2,0,0,1
Z01,17.05,NW,autumn,cloudy,6.2,4,2,0.5,7
Z04,9.8,NW,winter,cloudy,33.6,3,0,0,2
Z01,0,E,summer,cloudy,29.6,3,1,0.333,0
Z08,0.49,NW,spring,clear,11,3,3,1,0
Z01,14.38,SE,autumn,clear,27.8,2,1,0.5,2
Z04,12.23,E,spring,fog,19.9,3,2,0.667,3
Z07,11.85,N,spring,snow,16.2,3,1,0.333,4
Z06,16.71,S,summer,clear,34.6,4,4,1,5
Z06,8.19,E,winter,clear,16.6,2,1,0.5,4
Z07,19.07,NW,summer,clear,19.6,4,3,0.75,6
Z07,17.31,SW,summer,cloudy,21.1,3,2,0.667,8
Z01,13.53,NW,autumn,clear,30.7,2,2,1,3
Z03,0,SE,autumn,clear,35.7,4,1,0.25,0
Z01,3.8,N,summer,clear,16.8,2,1,0.5,1
Z02,8.97,N,autumn,rain,3,3,2,0.667,4
Z01,16.4,NE,summer,clear,18.3,4,2,0.5,8
Z05,20.76,E,summer,clear,19.2,3,1,0.333,4
Z02,14.91,N,autumn,snow,28.4,2,0,0,5
Z05,8.33,SW,autumn,rain,32.7,2,1,0.5,7
Z01,0,S,autumn,clear,20.6,3,3,1,0
Z05,12.57,N,summer,rain,18.6,3,2,0.667,8
Z08,9.49,NE,autumn,clear,20.8,3,2,0.667,6
Z03,7.85,SW,spring,cloudy,10.3,3,1,0.333,0
Z03,6.14,SW,summer,clear,33.7,3,2,0.667,1
Z07,25.77,W,autumn,clear,12.8,3,2,0.667,9
Z07,29.04,N,summer,clear,37.7,2,1,0.5,14
Z02,17.74,NE,spring,clear,17.5,2,1,0.5,4
Z06,9.72,N,autumn,cloudy,37.4,3,3,1,2
Z05,9.59,SW,spring,clear,16,4,2,0.5,5
Z04,22.61,SW,summer,clear,6,4,1,0.25,3
Z05,18.43,W,autumn,clear,26,3,1,0.333,14
Z02,16.87,W,summer,clear,26,4,2,0.5,7
Z06,9.52,NW,spring,clear,37.7,3,1,0.333,3
Z07,19.58,SW,autumn,rain,7.7,4,2,0.5,20
Z06,22.75,E,autumn,clear,13.5,2,1,0.5,4
Z02,8.49,S,autumn,cloudy,23.8,4,3,0.75,1
Z08,11.14,SW,spring,rain,30.9,4,4,1,7
Z05,11.61,N,summer,snow,18.7,2,1,0.5,9
Z08,4.03,N,spring,cloudy,14.8,2,1,0.5,1
Z06,17.2,NE,summer,clear,26.3,2,2,1,6
Z05,2.95,NW,spring,clear,36.5,4,3,0.75,0
Z05,2.94,SW,autumn,rain,17.1,3,3,1,1
Z01,1.9,NW,summer,clear,18,4,1,0.25,0
Z03,5.87,NE,summer,clear,21.2,4,3,0.75,1
Z05,10.43,W,summer,clear,19.6,2,2,1,6
Z04,3.57,S,summer,clear,9.3,2,1,0.5,0
Z08,6.15,SE,spring,cloudy,20.5,4,4,1,1
Z08,26.97,E,autumn,rain,17.6,3,2,0.667,20
Z04,2.04,W,summer,clear,10.2,2,2,1,0
Z03,13.44,N,autumn,clear,21.2,2,2,1,8
Z06,12.95,E,winter,clear,33.8,4,2,0.5,4
Z08,9.64,NE,summer,cloudy,18.1,3,2,0.667,2
Z04,14.1,SE,winter,rain,30.9,2,1,0.5,14
Z04,17.18,W,summer,rain,14.7,3,0,0,7
Z01,5.77,S,summer,clear,27.1,2,2,1,1
Z08,1.82,E,spring,cloudy,16.1,4,3,0.75,0
Z05,15.42,E,spring,rain,32.1,4,2,0.5,6
Z01,10.74,N,autumn,cloudy,15.9,4,2,0.5,3
Z06,12.89,NE,spring,clear,15.7,2,2,1,2
Z02,15.63,E,winter,clear,39.6,3,2,0.667,6
Z07,10.23,SE,winter,clear,3,4,3,0.75,4
Z03,0,W,summer,clear,10.9,3,2,0.667,0
Z08,19.27,W,winter,cloudy,19.1,4,1,0.25,5
Z05,14.31,NW,spring,rain,19.5,4,1,0.25,6
Z02,14.41,E,spring,cloudy,29.9,4,2,0.5,3
Z06,9.48,NW,spring,snow,21.7,2,1,0.5,5
Z01,12.13,NE,summer,clear,16.5,3,1,0.333,2
Z01,2.34,NW,summer,clear,29.1,4,2,0.5,0
Z08,15.96,NE,summer,clear,26.1,4,1,0.25,8
Z02,14.36,S,winter,clear,26.6,2,2,1,4
Z01,22.81,SW,summer,clear,26.2,3,3,1,8
Z07,8.3,W,winter,clear,10.3,2,0,0,3
Z01,17.93,SE,summer,clear,14.8,3,2,0.667,2
Z07,9.9,NE,spring,clear,15.8,3,0,0,4
Z03,12.87,NW,summer,clear,18.2,3,0,0,1
Z06,5.44,S,spring,rain,30.6,3,1,0.333,1
Z06,23.67,N,summer,clear,31,4,2,0.5,10
Z06,12.71,NE,summer,clear,12.8,4,2,0.5,5
Z01,8.22,E,summer,clear,38.6,3,0,0,2
Z03,4.88,S,winter,clear,17.5,4,1,0.25,1
Z01,20.74,E,spring,clear,16,2,1,0.5,6
Z04,10.43,E,winter,cloudy,20.7,4,4,1,3
Z01,14.27,NE,winter,rain,12.7,4,2,0.5,6
Z05,5.44,NE,summer,rain,8.7,2,1,0.5,4
Z01,20.03,W,winter,cloudy,39.7,3,2,0.667,4
Z01,16.67,NE,autumn,clear,25.6,4,3,0.75,2
Z01,21.6,S,winter,clear,22,3,3,1,7
Z06,12.55,N,autumn,clear,33.5,2,1,0.5,7
Z01,10.2,NW,spring,cloudy,15.7,4,3,0.75,3
Z01,3.35,N,winter,clear,23.8,2,1,0.5,0
Z03,16.01,NW,autumn,clear,21.8,4,2,0.5,9
Z05,18.47,SE,winter,fog,17.7,2,1,0.5,10
Z04,6.96,S,autumn,rain,10.2,4,3,0.75,2
Z03,5.97,N,winter,clear,8.9,3,3,1,3
Z01,0,W,autumn,clear,16.7,4,2,0.5,0
Z01,7.97,E,autumn,clear,23.5,4,2,0.5,1
Z06,0.84,SE,spring,clear,21.5,3,1,0.333,0
Z02,7.57,NE,summer,fog,26.4,4,3,0.75,2
Z07,11.12,SW,winter,clear,23.4,3,0,0,5
Z04,4.4,NW,summer,rain,22.2,3,3,1,3
Z03,7.73,S,spring,clear,12,3,2,0.667,2
Z08,13.11,NE,autumn,cloudy,27.9,3,2,0.667,5
Z07,22.43,NE,spring,cloudy,37.2,2,2,1,8
Z08,9.23,S,autumn,clear,6.1,3,2,0.667,2
Z06,13.93,N,summer,clear,27.5,3,1,0.333,8
Z05,7.44,W,winter,clear,25.5,4,3,0.75,2
Z08,10.65,SE,spring,rain,19.8,3,3,1,3
Z06,17.01,NW,summer,clear,39.8,4,2,0.5,6
Z08,18.48,SW,spring,rain,19.9,3,2,0.667,10
Z01,17.82,NE,autumn,clear,27.5,4,2,0.5,1
Z05,12.03,W,summer,cloudy,17,3,0,0,5
Z05,9.13,NE,spring,rain,28.6,2,1,0.5,5
Z03,0,E,winter,clear,26.3,2,1,0.5,0
Z06,9.11,N,summer,clear,12.1,2,1,0.5,4
Z03,18.48,E,winter,rain,30.4,2,1,0.5,11
Z03,7.62,N,autumn,cloudy,17.1,4,4,1,0
Z03,6.78,NW,autumn,rain,22.6,2,2,1,2
Z06,17.73,SW,summer,clear,31.8,2,0,0,8
Z01,5.67,E,autumn,snow,13,3,2,0.667,1
Z08,11.26,W,summer,fog,21.7,4,3,0.75,5
Z08,9.95,SW,winter,cloudy,35.1,3,2,0.667,1
Z02,15.93,N,summer,cloudy,3,4,4,1,3
Z02,3.81,NW,summer,cloudy,21.9,2,0,0,1
Z01,15.68,SE,winter,cloudy,3,3,3,1,4
Z03,1.89,SW,summer,cloudy,14.6,2,1,0.5,0
Z06,4.24,S,spring,clear,19.4,3,3,1,0
Z05,10.71,SW,winter,fog,17.8,4,1,0.25,9
Z02,5.71,S,spring,rain,25.6,3,2,0.667,1
Z04,18.02,NW,winter,clear,23.8,3,2,0.667,10
Z05,23.11,W,summer,cloudy,26.7,4,3,0.75,13
Z07,6.73,NW,winter,clear,24,2,1,0.5,3
Z02,9.28,NW,autumn,clear,20.1,4,1,0.25,5
Z06,10.84,NE,summer,rain,30.6,2,0,0,3
Z01,15.63,SE,spring,clear,14.2,4,1,0.25,1
Z02,1.67,S,autumn,clear,26.2,2,1,0.5,0
Z08,7.82,NW,summer,clear,6.8,2,0,0,0
Z03,8.32,N,spring,cloudy,12.6,4,2,0.5,2
Z01,16.17,SW,spring,clear,3.1,4,2,0.5,3
Z08,11.86,SW,autumn,clear,16.5,4,1,0.25,4
Z01,18.29,E,autumn,cloudy,12.7,3,2,0.667,7
Z07,16.19,E,summer,clear,5.7,2,1,0.5,4
Z02,16.73,S,winter,cloudy,4.6,4,3,0.75,3
Z04,6.26,E,summer,cloudy,17.3,2,2,1,1
Z07,7.72,NW,autumn,cloudy,9.3,2,2,1,3
Z04,11.52,NW,spring,clear,13.6,3,1,0.333,4
Z01,14.98,N,winter,cloudy,32.4,2,2,1,2
Z08,6.44,NW,summer,clear,3,2,0,0,2
Z07,20.04,SW,spring,clear,35,2,1,0.5,10
Z08,17.9,S,winter,cloudy,22.8,2,0,0,5
Z02,5.16,NW,winter,clear,23.7,3,3,1,0
Z04,9.79,NE,autumn,rain,35.2,2,2,1,5
Z07,7.56,W,autumn,fog,26.3,4,3,0.75,2
Z04,26.98,SW,summer,clear,26.2,4,1,0.25,9
Z01,35,E,summer,clear,7,2,2,1,9
Z03,24.45,NW,summer,clear,33.4,4,3,0.75,8
Z08,8.72,NE,winter,rain,6.5,2,2,1,1
Z05,6.43,SE,spring,cloudy,33.2,4,2,0.5,2
Z08,5.27,N,spring,cloudy,9.5,2,1,0.5,0
Z04,15.98,NE,autumn,clear,7.1,3,3,1,3
Z06,10.76,NW,winter,clear,23.5,2,2,1,3
Z02,7.98,SE,summer,cloudy,41.9,3,3,1,2
Z03,7.19,SE,spring,clear,19,3,2,0.667,3
Z04,13.63,E,summer,clear,18.7,2,1,0.5,6
Z04,19.74,N,summer,rain,7.1,3,2,0.667,15
Z02,15.48,SW,winter,clear,8.8,4,2,0.5,6
Z06,4.3,NW,summer,clear,25.3,2,1,0.5,3
Z05,16.03,S,autumn,clear,24.5,4,3,0.75,9
Z04,22.3,SE,spring,clear,22.2,2,2,1,4
Z08,8.31,E,winter,cloudy,25.7,4,3,0.75,6
Z06,21.36,S,summer,rain,26.7,3,2,0.667,12
Z04,5.05,N,spring,rain,24,2,1,0.5,3
Z01,17.34,SW,winter,clear,18.1,4,2,0.5,5
Z01,8.92,NW,autumn,clear,23.1,3,2,0.667,3
Z07,2.94,S,summer,cloudy,11.9,4,4,1,0
Z05,0,NE,winter,clear,18.6,3,1,0.333,0
Z01,8.04,W,autumn,clear,17.8,4,1,0.25,0
Z02,3.68,SW,spring,snow,32.8,2,2,1,0
Z05,1.13,N,winter,clear,19.7,4,2,0.5,0
Z05,18.62,E,autumn,rain,5.7,3,2,0.667,9
Z04,9.91,E,summer,cloudy,22.4,3,2,0.667,6
Z03,10.82,SE,summer,cloudy,20.3,3,2,0.667,2
Z05,10.51,SE,summer,clear,35.7,2,1,0.5,1
Z07,10.42,SW,summer,cloudy,13.3,3,2,0.667,4
Z06,16.42,E,spring,rain,21.1,2,1,0.5,6
Z08,18.56,SW,summer,clear,22.9,4,2,0.5,5
Z04,20.41,N,summer,clear,13,2,2,1,3
Z03,11.38,SW,spring,clear,22.6,4,3,0.75,4
Z02,8.43,NE,autumn,clear,17.2,3,2,0.667,3
Z06,13.02,E,winter,clear,26.1,3,1,0.333,2
Z01,8.41,W,autumn,cloudy,22.1,3,3,1,4
Z07,13.36,N,summer,clear,18.8,4,3,0.75,1
Z02,26.38,NE,spring,clear,15.9,3,2,0.667,6
Z01,4.11,SE,autumn,rain,19.6,2,2,1,0
Z05,9.75,N,spring,rain,3,4,3,0.75,6
Z03,9.73,S,summer,rain,25.6,3,1,0.333,4
Z06,26.2,NE,autumn,clear,28.6,2,2,1,10
Z04,21.5,N,summer,cloudy,18.7,2,1,0.5,10
Z02,0,W,spring,cloudy,24.2,3,3,1,0
Z08,23.48,NE,autumn,cloudy,10.1,2,2,1,11
Z06,15.78,NE,autumn,cloudy,24,4,2,0.5,14
Z06,12.4,S,autumn,fog,18.1,4,2,0.5,3
Z07,21.8,SE,autumn,rain,12.5,3,3,1,15
Z02,16.63,E,autumn,rain,37.3,4,3,0.75,11
Z07,4.09,SE,autumn,clear,26.8,4,3,0.75,0
Z04,16.22,W,winter,clear,17.6,3,1,0.333,1
Z01,12.57,SW,autumn,snow,18.8,4,4,1,1
Z02,2.53,W,spring,rain,34,4,3,0.75,1
Z05,8.07,N,summer,clear,10.5,2,2,1,1
Z07,16.49,SW,summer,rain,6.4,2,1,0.5,10
Z06,12.64,SW,summer,clear,14.1,2,0,0,5
Z02,16.92,SE,spring,clear,8.1,4,2,0.5,3
Z07,5.92,W,spring,rain,14.4,2,2,1,1
Z05,2.89,SW,summer,cloudy,23.7,3,2,0.667,0
Z04,11.98,NE,autumn,cloudy,28.6,4,2,0.5,2
Z08,21.93,W,winter,clear,34.1,3,1,0.333,6
Z08,0.24,W,autumn,clear,8.5,2,1,0.5,0
Z04,15.07,W,summer,clear,24.3,2,2,1,7
Z07,20.48,SW,summer,cloudy,16.5,2,1,0.5,15
Z07,10.79,SW,summer,snow,17.2,2,2,1,6
Z02,3.86,NE,autumn,clear,3.5,2,0,0,0
Z04,15.68,SE,autumn,snow,28,2,2,1,9
Z03,3.97,S,autumn,cloudy,8.2,2,1,0.5,0
Z03,3.98,NE,spring,rain,28.9,4,3,0.75,0
Z07,22.24,SE,spring,clear,18.8,4,3,0.75,7
Z02,15.45,W,summer,cloudy,37.6,3,1,0.333,7
Z08,5.96,SE,summer,clear,5.7,2,1,0.5,2
Z05,8.5,S,winter,rain,7.2,3,2,0.667,4
Z01,15.95,N,summer,cloudy,23.1,2,2,1,7
Z06,23.3,SE,summer,clear,33.5,2,1,0.5,9
Z07,18.68,W,autumn,clear,25.1,2,1,0.5,3
Z02,10.54,E,winter,fog,38.9,2,1,0.5,2
Z05,14.26,N,winter,rain,8.3,2,1,0.5,8
Z02,20.99,E,summer,clear,9,2,2,1,4
Z03,0.79,NE,winter,clear,21,2,1,0.5,0
Z01,20.31,NW,autumn,clear,3,4,2,0.5,3
Z08,10.6,NW,autumn,clear,13.7,2,2,1,3
Z03,4.5,N,winter,clear,26.9,4,3,0.75,0
Z08,22,E,summer,clear,37.6,2,1,0.5,14
Z03,15.93,E,spring,cloudy,21,4,4,1,5
Z02,15.27,SW,winter,snow,39.8,4,4,1,5
Z07,18.43,NW,winter,fog,10.9,4,4,1,5
Z08,8.55,SE,autumn,clear,17.3,4,2,0.5,1
Z08,7.96,E,summer,clear,7.9,4,3,0.75,0
Z05,8.16,W,summer,cloudy,30.8,2,0,0,3
Z08,6.21,NW,spring,rain,21.8,4,2,0.5,2
Z04,18.53,S,spring,cloudy,3,4,2,0.5,8
Z01,18.67,SW,autumn,clear,26.4,3,1,0.333,4
Z02,18.75,SW,winter,cloudy,30.8,3,1,0.333,6
Z06,15.3,N,winter,clear,13.8,4,4,1,5
Z07,9.38,SE,summer,snow,9.4,3,1,0.333,4
Z06,9.44,NE,autumn,cloudy,30.5,2,1,0.5,6
Z03,2.89,S,spring,rain,17,4,3,0.75,0
Z03,4.59,W,autumn,cloudy,38,3,3,1,0
Z03,20.02,S,autumn,rain,19.5,3,2,0.667,10
Z07,26.65,W,summer,rain,15,3,2,0.667,12
Z05,10.36,NE,winter,rain,11.8,2,2,1,5
Z08,17.71,SE,summer,clear,12.6,4,3,0.75,4
Z02,21.08,NE,spring,clear,14.3,4,3,0.75,4
Z01,6.95,SW,autumn,clear,5.9,3,2,0.667,3
Z08,11.48,E,summer,fog,24.3,4,4,1,5
Z01,15.69,SE,autumn,cloudy,19.6,2,1,0.5,4
Z01,4.16,N,summer,clear,30.5,3,1,0.333,0
Z08,5.4,E,spring,snow,20.4,2,1,0.5,0
Z08,2.87,N,summer,clear,9.8,3,2,0.667,0
Z05,8.28,E,winter,clear,28,3,0,0,2
Z07,16.95,NW,summer,cloudy,21.6,2,2,1,5
Z06,9.13,N,summer,cloudy,17.9,2,2,1,2
Z04,10.05,SW,autumn,clear,24.2,2,2,1,0
Z06,8.94,SE,autumn,clear,14.9,3,3,1,1
Z05,0,N,spring,clear,33.4,4,2,0.5,0
Z07,17.19,NE,autumn,clear,28.8,3,2,0.667,5
Z06,13.91,SW,summer,clear,27.2,4,3,0.75,8
Z06,5.26,NE,spring,clear,11.5,3,2,0.667,1
Z04,0,NW,autumn,rain,35.2,2,0,0,0
Z03,14.9,NW,winter,clear,10,4,3,0.75,1
Z06,16.97,W,summer,rain,16.7,3,1,0.333,10
Z06,5.15,N,spring,snow,16.1,3,2,0.667,1
Z04,4,W,autumn,fog,25.3,2,0,0,1
Z08,15.22,N,spring,cloudy,33.1,3,0,0,3
Z08,13.84,E,spring,rain,5.7,4,2,0.5,4
Z01,13.18,W,summer,clear,7,3,0,0,1
Z01,7.72,E,spring,rain,15.8,3,2,0.667,6
Z04,0.2,S,spring,rain,30.7,4,3,0.75,0
Z03,3.45,S,spring,clear,29.3,2,0,0,1
Z04,14.18,N,autumn,clear,15.4,2,1,0.5,9
Z05,8.47,NE,winter,clear,22.3,4,3,0.75,3
Z01,11.18,SE,autumn,clear,12.3,2,2,1,3
Z07,0.47,E,autumn,cloudy,26,3,2,0.667,0
Z01,9.09,E,spring,cloudy,15.8,4,2,0.5,1
Z04,12.04,NE,spring,snow,3,4,3,0.75,1
Z01,0,W,summer,clear,26.7,2,2,1,0
Z05,9.42,S,autumn,clear,9.2,2,1,0.5,1
Z04,19.5,SE,autumn,clear,13.4,3,3,1,1
Z05,11.42,SE,winter,snow,15.3,4,3,0.75,2
Z08,22.81,SW,autumn,clear,31.1,3,1,0.333,4
Z05,20.97,NW,spring,clear,22.3,4,2,0.5,5
Z03,0,W,spring,clear,27.3,2,1,0.5,0
Z03,12.02,S,spring,cloudy,12.2,4,4,1,1
Z04,9.48,E,winter,clear,25.1,2,2,1,2
Z02,2.37,W,spring,clear,36.2,4,3,0.75,0
Z06,16.96,S,autumn,rain,28.5,4,2,0.5,17
Z01,10.08,N,summer,rain,22.7,4,3,0.75,9
Z07,2.42,E,autumn,rain,20.2,2,2,1,0
Z04,14.26,S,spring,rain,31.9,2,1,0.5,6
Z07,24.03,W,summer,clear,19.7,4,4,1,9
Z06,0,W,autumn,cloudy,20.5,3,1,0.333,0
Z08,0,E,summer,rain,18.4,4,3,0.75,0
Z01,28.35,E,summer,clear,7.8,2,1,0.5,1
Z03,8.53,NE,autumn,clear,31.3,3,1,0.333,2
Z03,6.38,W,spring,clear,17.4,3,2,0.667,5
Z03,15.59,SE,summer,clear,31,3,1,0.333,4
Z02,20.28,SW,spring,clear,17.8,2,0,0,6
Z02,25.2,NW,autumn,clear,30,3,2,0.667,7
Z01,0,NW,spring,snow,25.8,4,2,0.5,0
Z08,3.28,E,autumn,clear,3,4,3,0.75,2
Z08,0.48,N,autumn,clear,3.1,2,0,0,0
Z04,16.22,SE,spring,cloudy,15.6,2,2,1,2
Z07,2.58,SW,winter,clear,16.1,2,0,0,0
Z05,10.66,E,spring,clear,16.2,4,2,0.5,3
Z02,7.13,S,autumn,rain,18.1,2,1,0.5,1
Z08,8.05,S,winter,clear,3.5,4,4,1,1
Z05,0,SW,autumn,clear,26.4,4,3,0.75,0
Z02,20.94,W,winter,rain,22.3,4,1,0.25,9
Z04,4.7,W,summer,clear,35.1,2,0,0,1
Z04,15.31,E,summer,clear,9.5,3,3,1,1
Z02,12.54,E,winter,clear,18.7,2,1,0.5,4
Z02,11.32,NW,spring,rain,7.7,2,2,1,3
Z04,5.16,SE,summer,rain,14.9,2,1,0.5,1
Z03,15.99,SE,autumn,clear,32.8,2,1,0.5,7
Z08,10.61,E,spring,clear,11.9,3,1,0.333,2
Z06,9.31,W,spring,clear,30.4,2,2,1,2
Z01,29.23,NW,summer,clear,20.1,2,2,1,13
Z03,7.3,W,autumn,rain,32.2,2,2,1,1
Z01,17.56,SW,autumn,cloudy,33.7,2,1,0.5,4
Z03,12.6,SE,summer,rain,29,3,2,0.667,3
Z07,0.17,E,autumn,clear,18.1,3,1,0.333,0
Z08,7.05,SW,summer,cloudy,18,4,1,0.25,2
Z05,8.23,W,spring,clear,12.9,3,3,1,2
Z07,6.76,NE,autumn,clear,10.3,4,2,0.5,0
Z02,15.53,SE,winter,cloudy,3.7,3,3,1,6
Z02,12.14,S,summer,clear,23.9,4,2,0.5,5
Z08,6.71,S,autumn,cloudy,43.6,2,1,0.5,1
Z01,4.14,S,autumn,rain,23.9,4,2,0.5,2
Z07,8.05,S,autumn,clear,19.3,3,1,0.333,1
Z03,13.45,N,autumn,clear,30.6,4,1,0.25,7
Z01,2.54,SE,summer,cloudy,43,3,2,0.667,1
Z04,7,NE,autumn,clear,24.2,3,2,0.667,4
Z05,2.61,N,autumn,clear,32.3,4,4,1,1
Z01,3.99,E,autumn,cloudy,19.3,4,2,0.5,1
Z04,13.37,S,winter,rain,14,3,1,0.333,10
Z04,18.26,S,spring,cloudy,3,4,3,0.75,5
Z07,11.53,N,summer,clear,12.3,4,2,0.5,1
Z01,14.93,SW,summer,clear,30.7,2,1,0.5,5
Z06,30.87,E,summer,fog,3,3,0,0,9
Z04,3.99,NW,spring,rain,37.7,3,2,0.667,0
Z05,11.01,SE,autumn,clear,3.7,4,3,0.75,2
Z04,0,SW,spring,rain,20.1,3,1,0.333,0
Z01,9.71,SE,summer,clear,7.4,3,2,0.667,4
Z04,6.3,NW,winter,clear,27.5,4,2,0.5,1
Z02,20.18,NE,winter,cloudy,19.2,4,2,0.5,10
Z02,15.97,S,autumn,clear,17.3,4,4,1,6
Z03,21.61,SW,winter,snow,3,4,2,0.5,8
Z03,15.93,NW,autumn,rain,21.8,3,0,0,12
Z01,10.87,N,winter,clear,31.3,4,3,0.75,5
Z06,17.82,SW,summer,snow,33,4,2,0.5,10
Z07,17.93,SE,autumn,cloudy,6,2,1,0.5,2
Z07,13,SE,summer,clear,14.6,4,4,1,6
Z04,6.39,E,winter,rain,7.8,3,2,0.667,2
Z05,14.8,NE,winter,rain,41.9,4,0,0,10
Z02,13.13,SW,spring,fog,18,4,2,0.5,7
Z04,10.11,N,autumn,clear,33.1,2,1,0.5,2
Z02,17.11,W,summer,clear,3.5,2,2,1,5
Z02,4.2,SW,summer,rain,26.2,4,3,0.75,3
Z06,7.3,SE,winter,rain,10.4,4,2,0.5,7
Z02,6.93,SE,autumn,rain,11.8,3,2,0.667,2
Z06,13.75,NE,winter,cloudy,24.6,4,3,0.75,5
Z03,10.19,N,autumn,clear,23.1,2,2,1,0
Z04,23.63,NW,autumn,cloudy,22.8,4,2,0.5,7
Z04,12.32,SW,autumn,clear,15,4,3,0.75,5
Z02,16.67,E,spring,cloudy,30.9,2,2,1,8
Z03,19.32,S,autumn,clear,9.3,4,2,0.5,5
Z02,24.07,SE,autumn,clear,34.3,2,2,1,13
Z01,13.71,E,summer,fog,17.8,4,3,0.75,5
Z01,15.82,S,autumn,cloudy,16.7,4,2,0.5,4
Z03,6.99,SW,autumn,rain,18.3,2,1,0.5,3
Z06,12.99,E,autumn,cloudy,32.8,2,1,0.5,2
Z03,8.11,N,summer,rain,11.6,2,0,0,5
Z06,6.44,SW,autumn,cloudy,24.4,2,1,0.5,4
Z06,18.81,NE,summer,rain,17.5,3,1,0.333,4
Z07,22.83,NW,spring,rain,18.7,2,1,0.5,9
Z03,3.66,NE,autumn,rain,24.8,4,2,0.5,0
Z07,12.12,W,spring,clear,37.7,4,3,0.75,6
Z01,7.62,SW,summer,clear,28.3,3,1,0.333,1
Z08,15.74,NW,autumn,cloudy,23,2,1,0.5,5
Z05,24.88,SE,summer,clear,7.2,3,1,0.333,8
Z06,12.05,S,winter,cloudy,26.9,4,3,0.75,8
Z08,12.82,N,winter,snow,10.4,4,1,0.25,3
Z03,15.83,SW,spring,cloudy,14.8,4,3,0.75,8
Z02,5.24,N,summer,clear,18.8,3,3,1,1
Z04,10.82,NW,winter,cloudy,38,2,1,0.5,4
Z07,13.77,NE,spring,rain,9.1,4,1,0.25,9
Z02,12.53,S,summer,clear,23.6,4,3,0.75,6
Z07,22.47,NE,summer,fog,15.1,3,3,1,15
Z01,3.35,E,summer,clear,9.7,2,0,0,0
Z03,8.38,N,autumn,clear,17.4,3,1,0.333,1
Z08,8.1,SE,summer,fog,41.2,4,3,0.75,4
Z05,11.93,NE,autumn,clear,30.6,3,1,0.333,7
Z08,16.59,E,winter,clear,12.9,4,2,0.5,4
Z05,14.15,NE,summer,clear,44,4,2,0.5,4
Z04,4.03,NE,summer,cloudy,21.4,4,1,0.25,1
Z01,17.04,NE,spring,clear,14.8,3,1,0.333,3
Z02,23.07,NW,winter,clear,15.3,3,3,1,5
Z01,21.72,S,spring,clear,42.2,4,3,0.75,6
Z02,12,SW,winter,rain,31,3,1,0.333,4
Z06,19.88,NW,summer,clear,11.1,3,2,0.667,3
Z02,16.42,W,summer,snow,20.4,2,1,0.5,4
Z05,0,N,spring,clear,39.8,2,1,0.5,0
Z02,10.37,N,spring,clear,30,2,1,0.5,3
Z05,20.22,E,spring,clear,20.5,2,1,0.5,5
Z02,17.96,N,summer,rain,13.4,2,2,1,10
Z07,11.91,E,winter,clear,38.4,3,3,1,5
Z06,15.77,SE,spring,clear,40.4,3,2,0.667,5
Z02,8.76,NE,spring,clear,24.2,2,2,1,2
Z07,12.21,NE,summer,clear,31.7,4,3,0.75,2
Z07,8.8,W,summer,clear,34.8,4,2,0.5,1
Z08,6.8,SE,autumn,rain,7.6,4,4,1,7
Z08,19.77,NW,autumn,cloudy,21.7,3,1,0.333,3
Z07,15.01,NE,summer,cloudy,50.3,3,0,0,3
Z07,19.47,NW,summer,clear,35.4,4,2,0.5,4
Z03,17.23,NE,spring,cloudy,22.8,3,3,1,4
Z04,11.55,N,spring,cloudy,22.2,3,1,0.333,1
Z08,10.96,SE,summer,cloudy,25.9,4,4,1,4
Z04,6.16,W,spring,rain,25.2,2,1,0.5,3
Z03,6.94,S,summer,clear,11.5,3,2,0.667,0
Z03,0.4,W,summer,rain,16.5,4,2,0.5,0
Z04,26.93,NE,autumn,cloudy,18.4,2,1,0.5,7
Z01,8.44,N,autumn,rain,21.3,4,4,1,5
Z03,1.27,SW,spring,clear,22.6,2,1,0.5,0
Z01,8.03,E,summer,clear,12.5,3,3,1,3
Z06,14.31,N,spring,rain,19.1,4,4,1,7
Z02,8.07,SW,summer,clear,21,2,2,1,3
Z02,12.42,W,summer,clear,27.6,3,3,1,1
Z01,27.3,SW,winter,cloudy,37.6,4,3,0.75,6
Z07,20.57,S,winter,clear,41.7,4,2,0.5,2
Z02,6.11,NW,winter,cloudy,16.4,2,1,0.5,2
Z07,9.9,NW,summer,clear,17.1,4,3,0.75,3
Z03,9.28,S,spring,cloudy,23.3,3,1,0.333,0
Z06,10.43,N,autumn,clear,22.6,2,1,0.5,3
Z01,0.7,E,summer,clear,26.7,2,1,0.5,0
Z06,11.15,N,winter,clear,27.9,3,1,0.333,3
Z02,10.77,NW,autumn,clear,34.3,2,2,1,6
Z06,2.37,SE,autumn,clear,33.5,2,1,0.5,2
Z08,8.09,SW,spring,cloudy,25,3,2,0.667,2
Z08,1.02,W,autumn,clear,3,4,4,1,0
Z04,13.42,W,summer,clear,20.8,4,3,0.75,4
Z08,5.14,NW,spring,cloudy,22.8,3,3,1,0
Z01,12.7,NE,autumn,rain,16.6,2,1,0.5,3
Z05,3.92,E,autumn,rain,14.9,4,3,0.75,0
Z08,15.68,S,summer,clear,17.7,4,3,0.75,7
Z02,7.64,S,spring,cloudy,35,4,2,0.5,2
Z05,5.4,W,autumn,clear,15.7,2,0,0,0
Z08,5.87,W,summer,clear,24.6,3,2,0.667,3
Z06,13.22,N,autumn,clear,3.4,3,2,0.667,3
Z08,5.88,SE,winter,rain,3,2,1,0.5,1
Z05,6.08,N,spring,clear,24.9,4,3,0.75,4
Z06,20.05,W,summer,clear,25.1,4,3,0.75,5
Z01,18.18,W,summer,rain,14.3,4,3,0.75,12
Z04,7.62,N,summer,cloudy,10.8,2,2,1,2
Z08,4.19,N,summer,rain,10.8,4,3,0.75,2
Z02,10.34,NW,spring,clear,21.2,3,2,0.667,3
Z06,2.37,E,summer,cloudy,25,3,3,1,0
Z08,8.47,NE,spring,cloudy,19.4,3,2,0.667,0
Z02,12.53,SE,autumn,clear,23.8,3,2,0.667,0
Z06,7.83,E,spring,cloudy,33.1,2,2,1,2
Z06,16.03,NE,autumn,cloudy,15.9,2,2,1,4
Z04,12.76,E,summer,rain,33.3,4,2,0.5,13
Z01,17.12,N,autumn,cloudy,24.8,2,2,1,4
Z08,20.94,NE,summer,clear,8.2,3,1,0.333,8
Z04,13.43,NE,spring,clear,20,2,2,1,3
Z04,0,S,summer,fog,60,4,2,0.5,0
Z03,15.67,SW,spring,clear,7.9,4,3,0.75,2
Z05,4.12,SE,spring,clear,5.9,3,1,0.333,1
Z05,2.94,NW,winter,clear,24.3,3,2,0.667,0
Z02,8.98,NE,spring,clear,20.8,4,3,0.75,2
Z04,9.89,NW,autumn,cloudy,13.3,2,0,0,5
Z06,13.02,W,autumn,fog,11.8,4,2,0.5,5
Z04,15.64,N,autumn,cloudy,22.6,4,3,0.75,10
Z04,9.88,SW,summer,cloudy,17.7,3,1,0.333,2
Z08,11.04,S,spring,rain,11.5,4,4,1,4
Z08,8.06,SW,summer,clear,25.7,2,2,1,2
Z01,6.42,NW,summer,rain,17.5,3,3,1,2
Z05,0.95,E,spring,snow,25.6,3,2,0.667,1
Z07,12.5,SE,spring,clear,39.1,4,3,0.75,5
Z05,9.79,NE,autumn,clear,35.1,4,4,1,0
Z08,11.43,SE,winter,snow,30.9,2,2,1,3
Z06,0,SW,winter,clear,3.7,4,4,1,0
Z05,11.95,SE,spring,clear,29,4,2,0.5,4
Z05,8.18,NW,spring,rain,6,2,1,0.5,4
Z01,7.97,W,summer,snow,18.6,3,1,0.333,1
Z02,16.53,SW,summer,clear,23.3,3,3,1,4
Z03,8.62,NW,summer,fog,19.7,4,1,0.25,4
Z02,12.07,W,spring,clear,26.7,2,1,0.5,2
Z04,13.36,S,spring,rain,8.4,3,2,0.667,7
Z01,17.89,N,summer,rain,27,2,1,0.5,14
Z04,13.35,S,summer,rain,28,3,2,0.667,12
Z04,18.9,W,autumn,clear,22.1,2,1,0.5,3
Z04,19.23,NE,spring,rain,24.6,3,3,1,10
Z03,22.79,W,spring,fog,16.8,4,3,0.75,5
Z08,6.1,NE,winter,clear,15.5,3,1,0.333,2
Z07,12.49,E,summer,rain,30.9,2,2,1,4
Z02,10.32,E,spring,clear,3,2,2,1,1
Z05,11.4,S,winter,rain,20.6,4,4,1,6
Z07,5.2,NW,summer,clear,14.6,4,1,0.25,0
Z07,18.11,SW,summer,rain,27.5,3,2,0.667,6
Z01,11.92,SW,summer,snow,25.9,3,0,0,4
Z01,8.76,W,spring,cloudy,14,3,3,1,5
Z01,13.11,NW,spring,snow,30.9,2,2,1,0
Z06,17.28,W,summer,clear,29.2,2,0,0,4
Z02,4.25,NW,spring,rain,27.9,2,0,0,4
Z06,9.83,NW,autumn,clear,6.1,3,2,0.667,4
Z02,14.06,SE,winter,clear,8.6,4,2,0.5,2
Z05,13.64,SE,summer,clear,30.7,3,2,0.667,5
Z06,17.27,W,summer,rain,35.9,3,2,0.667,10
Z07,8.06,SE,autumn,clear,23.7,2,2,1,3
Z03,0,NE,summer,rain,36.5,2,1,0.5,0
Z07,0,NW,winter,rain,18.2,4,4,1,0
Z02,15.87,NW,winter,cloudy,10.6,2,1,0.5,7
Z01,27.94,NE,winter,rain,11.1,3,1,0.333,11
Z02,3.23,SW,spring,clear,16.1,2,1,0.5,0
Z03,12.51,W,autumn,clear,23.9,2,1,0.5,3
Z05,11.73,S,summer,rain,25.6,3,3,1,3
Z06,3.76,S,autumn,cloudy,22.8,4,2,0.5,2
Z02,14.82,W,autumn,snow,17.3,4,2,0.5,3
Z05,8.95,NE,summer,clear,18.5,4,1,0.25,1
Z06,0,S,summer,rain,27.7,3,0,0,0
Z08,11.6,SW,spring,clear,15.9,2,2,1,4
Z04,6.88,SE,winter,clear,21.3,3,3,1,4
Z08,6.5,SE,spring,rain,3.4,4,2,0.5,0
Z01,13.83,E,spring,clear,29.2,2,1,0.5,3
Z03,14.1,SW,autumn,fog,7.2,3,1,0.333,6
Z04,1.45,SE,summer,clear,3,2,1,0.5,0
Z01,10.8,SE,spring,clear,3,2,1,0.5,0
Z02,6.49,E,autumn,cloudy,14.7,2,2,1,1
Z04,7.73,E,summer,rain,18.6,2,1,0.5,1
Z02,18.95,S,spring,cloudy,15.1,4,4,1,2
Z07,21.55,NE,summer,clear,17.7,3,2,0.667,7
Z05,11.5,SE,spring,clear,16.3,4,1,0.25,3
Z08,9.98,SE,summer,cloudy,21,2,2,1,2
Z08,13.48,N,summer,fog,38.6,3,2,0.667,8
Z08,17.54,NE,autumn,rain,21.2,3,2,0.667,9
Z04,14.57,N,winter,rain,36.1,3,0,0,12
Z07,9.24,SE,summer,rain,23.8,2,1,0.5,6
Z07,21.98,NW,autumn,clear,11.8,2,2,1,11
Z02,6.87,SW,autumn,fog,5.8,3,3,1,0
Z06,15.31,SW,summer,cloudy,17.3,3,2,0.667,4
Z01,9.59,NE,spring,rain,3,2,0,0,3
Z06,17.21,NE,summer,cloudy,13.7,4,2,0.5,2
Z02,10.38,SE,summer,snow,21.7,2,2,1,3
Z06,7.06,SW,summer,clear,17.3,4,3,0.75,0
Z06,8.96,SW,spring,cloudy,32.4,3,1,0.333,5
Z07,7.16,N,autumn,cloudy,9.7,3,3,1,2
Z08,11.73,E,autumn,clear,24.4,2,1,0.5,2
Z05,14.32,S,summer,clear,18.2,2,1,0.5,2
Z02,7.25,SW,autumn,snow,14.3,4,3,0.75,2
Z08,2.68,SE,autumn,rain,22.3,3,2,0.667,0
Z07,10.73,W,winter,clear,10.2,3,3,1,2
Z05,6.46,N,spring,clear,19.1,4,3,0.75,2
Z07,20.49,SW,spring,clear,23,2,2,1,5
Z04,17.46,E,summer,rain,29.3,2,1,0.5,12
Z08,7.29,S,autumn,rain,14.1,2,2,1,2
Z04,18.29,E,winter,clear,25.8,3,1,0.333,6
Z02,1.92,NW,summer,rain,17.8,4,3,0.75,0
Z03,0.82,NW,winter,clear,17.3,4,3,0.75,0
Z06,13.79,N,autumn,rain,34.1,2,2,1,5
Z02,11.77,SE,summer,cloudy,3,4,3,0.75,4
Z05,7.23,SE,spring,cloudy,28.2,2,0,0,1
Z02,12.73,NE,spring,rain,28.5,2,2,1,8
Z05,3.59,NW,spring,rain,35.8,3,2,0.667,2
Z06,20.42,SE,summer,rain,13.8,4,3,0.75,14
Z08,17.91,NW,autumn,rain,18.4,2,1,0.5,11
Z08,2.57,E,spring,cloudy,12.9,2,0,0,0
Z06,18.2,NE,summer,rain,13,4,2,0.5,8
Z01,6.89,SE,summer,rain,41.2,3,1,0.333,2
Z07,9.09,E,summer,cloudy,27.5,4,3,0.75,2
Z05,7.09,NW,spring,clear,17.1,3,2,0.667,2
Z07,5.36,NW,spring,cloudy,21.6,4,3,0.75,2
Z05,8.42,SW,spring,clear,11.9,3,3,1,1
Z07,7.96,SW,spring,clear,8.6,2,2,1,3
Z06,0.91,SW,summer,clear,11.8,3,1,0.333,0
Z02,3.04,E,summer,clear,12.4,4,3,0.75,1
Z04,16.94,NE,autumn,clear,11.7,3,2,0.667,4
Z05,10.46,SE,spring,rain,11.4,4,3,0.75,2
Z01,4.1,NE,summer,clear,38.7,2,2,1,0
Z06,7.93,N,winter,cloudy,5.1,4,1,0.25,3
Z06,9.44,SE,autumn,fog,10.9,3,2,0.667,2
Z05,0,E,spring,cloudy,17.9,2,2,1,0
Z05,7.73,E,winter,clear,20.5,3,2,0.667,2
Z01,14.32,SW,autumn,clear,22.8,4,3,0.75,7
Z06,19.79,SE,spring,rain,16.3,3,3,1,9
Z07,9.02,NE,autumn,clear,50.3,4,4,1,3
Z04,7.88,NW,spring,rain,16.9,2,1,0.5,4
Z07,8.14,NW,spring,cloudy,18.9,3,1,0.333,1
Z06,0,NW,spring,snow,3,3,3,1,0
Z01,16.84,E,autumn,clear,14.6,3,3,1,2
Z08,13.23,SE,autumn,rain,21.6,2,2,1,7
Z04,8.9,W,summer,cloudy,12.4,4,4,1,2
Z08,25.32,NE,spring,clear,20,3,3,1,9
Z05,12.36,N,summer,fog,13.6,2,1,0.5,5
Z04,12.01,S,summer,clear,15.9,3,2,0.667,6
Z02,17.08,W,winter,cloudy,9.7,4,3,0.75,6
Z06,7.4,N,summer,cloudy,14.2,4,4,1,2
Z04,2.92,SW,spring,clear,8,4,2,0.5,1
Z03,18.13,N,winter,clear,19.1,2,1,0.5,2
Z01,1.61,N,autumn,clear,15.8,3,3,1,0
Z02,4.32,SW,summer,cloudy,26.9,2,2,1,1
Z05,13.55,S,spring,cloudy,25.5,3,3,1,5
Z08,20.32,SW,winter,fog,9.2,3,2,0.667,5
Z07,9.48,SE,summer,cloudy,15.1,3,2,0.667,6
Z02,15.82,SE,spring,rain,14.4,4,2,0.5,6
Z05,15.32,NW,autumn,snow,20.4,3,2,0.667,3
Z04,28.02,SE,spring,rain,8.3,3,3,1,4
Z02,17.98,N,spring,rain,29.4,3,3,1,12
Z02,17.42,SE,summer,clear,17.1,4,4,1,4
Z07,16.77,SW,winter,clear,12.1,2,1,0.5,5
Z06,20.97,NW,summer,fog,17.1,4,3,0.75,5
Z01,1.4,S,spring,clear,3.6,3,2,0.667,0
Z01,16.18,E,spring,clear,23.6,3,1,0.333,4
Z08,0,SE,summer,clear,25.5,2,1,0.5,0
Z08,5.63,NE,winter,clear,28.7,3,2,0.667,3
Z05,6.02,W,summer,clear,24.1,2,2,1,0
Z07,13.04,N,summer,clear,9.4,4,3,0.75,2
Z05,19.66,SW,summer,clear,24.8,2,2,1,7
Z06,4.29,N,spring,clear,18.2,4,4,1,1
Z03,16.63,SE,summer,cloudy,20.8,4,1,0.25,4
Z04,10.18,NW,summer,fog,30.1,2,1,0.5,5
Z04,4.98,N,winter,clear,12.9,2,1,0.5,0
Z02,12.75,SE,summer,rain,7.3,4,3,0.75,6
Z08,1.16,S,winter,cloudy,16.5,4,2,0.5,0
Z01,26.04,N,autumn,rain,15.5,3,1,0.333,18
Z01,11.32,NW,winter,clear,34.7,3,0,0,2
Z07,19.05,N,summer,clear,23.9,2,2,1,7
Z06,6.89,N,summer,cloudy,31.4,2,0,0,1
Z04,18.36,N,winter,cloudy,23.5,2,1,0.5,11
Z08,12.74,SW,spring,cloudy,21.8,3,2,0.667,3
Z07,0,NW,spring,clear,5.7,3,3,1,0
Z07,11.37,SW,winter,clear,29.7,3,3,1,6
Z08,7.72,E,autumn,rain,49.6,3,2,0.667,5
Z03,17.71,W,spring,rain,8.3,2,1,0.5,3
Z02,9.67,SE,spring,rain,30.4,2,1,0.5,5
Z07,18.53,E,winter,clear,3,4,1,0.25,6
Z05,12.01,N,winter,snow,3,4,3,0.75,4
Z07,3.54,N,spring,clear,42.2,4,2,0.5,0
Z02,4.79,E,summer,clear,33.8,3,3,1,0
Z08,18.38,NE,spring,clear,3,3,3,1,3
Z05,14.67,E,summer,snow,14,2,1,0.5,5
Z08,4.54,E,spring,cloudy,3,4,4,1,4
Z06,10.19,W,summer,clear,19.5,3,2,0.667,5
Z06,12.49,S,autumn,cloudy,20,3,3,1,5
Z08,16.43,NE,winter,clear,29,4,3,0.75,8
Z06,18.41,E,summer,cloudy,22.6,3,1,0.333,8
Z01,22.3,W,spring,clear,19.6,3,3,1,7
Z03,6.06,S,autumn,clear,11.7,2,2,1,1
Z01,4.6,E,spring,rain,32.2,4,3,0.75,4
Z01,0,W,winter,clear,27.8,2,1,0.5,0
Z01,19.16,SW,summer,clear,36.8,3,3,1,8
Z08,15.2,S,autumn,rain,35.6,2,0,0,8
Z05,18.8,E,winter,clear,30,3,3,1,5
Z07,0.55,NW,summer,rain,19.4,2,2,1,0
Z03,10.31,NE,summer,cloudy,10.3,4,3,0.75,2
Z05,10.34,NW,autumn,clear,23.7,2,2,1,3
Z07,24.85,W,autumn,clear,5.7,3,2,0.667,6
Z04,13.71,SW,winter,clear,14.1,4,2,0.5,5
Z08,12.8,NW,summer,rain,36.6,3,3,1,13
Z04,2.83,W,spring,snow,32,4,3,0.75,5
Z02,11.86,NW,winter,clear,20.1,2,2,1,7
Z03,8.57,N,spring,rain,18.2,2,1,0.5,9
Z08,9.37,N,spring,cloudy,38.5,4,3,0.75,2
Z01,23.39,NE,autumn,rain,25.4,4,1,0.25,10
Z07,8.41,NW,autumn,rain,32,4,1,0.25,6
Z07,11.59,SW,autumn,clear,18.9,4,2,0.5,5
Z04,21.32,SW,summer,rain,12.7,4,2,0.5,11
Z05,7.01,W,summer,fog,12.4,4,2,0.5,1
Z03,6.08,S,summer,clear,17.6,4,4,1,1
Z04,19.54,NE,autumn,clear,5,4,3,0.75,10
Z03,8.83,SE,summer,clear,23.8,3,3,1,2
Z01,20.74,N,spring,clear,25.4,3,1,0.333,8
Z02,15.46,S,summer,rain,29.9,4,2,0.5,9
Z03,7,E,summer,clear,12.5,2,1,0.5,2
Z05,15.72,E,winter,rain,30,4,2,0.5,16
Z03,4.05,NW,summer,rain,11.4,3,2,0.667,4
Z07,6,SW,autumn,rain,11.9,3,3,1,4
Z03,9.99,SE,winter,clear,21.9,2,2,1,3
Z08,8.16,NE,autumn,rain,8.7,3,1,0.333,6
Z02,14.25,S,winter,rain,9,2,1,0.5,5
Z07,8.86,NW,summer,clear,20.6,2,2,1,2
Z05,21.8,E,winter,clear,5.7,2,0,0,2
Z03,18.52,SE,spring,clear,13.1,4,4,1,3
Z02,21.17,N,spring,clear,3,2,1,0.5,2
Z04,22.2,NW,spring,snow,29.9,4,3,0.75,5
Z06,5.95,N,autumn,rain,34.1,4,3,0.75,7
Z06,11.1,SW,summer,clear,34.5,3,2,0.667,4
Z02,11.24,E,summer,cloudy,21.5,4,2,0.5,1
Z01,7.12,W,autumn,clear,11.4,3,0,0,1
Z07,24.78,SE,spring,clear,16.9,2,0,0,13
Z02,13.81,SE,autumn,clear,17.6,2,1,0.5,1
Z05,21.03,W,summer,cloudy,24.8,4,1,0.25,5
Z08,13.26,N,autumn,clear,27.6,4,3,0.75,3
Z06,13.66,NE,winter,cloudy,18.9,2,1,0.5,8
Z02,13.3,NE,winter,clear,9.6,3,3,1,2
Z03,7.13,SW,summer,clear,24.8,4,2,0.5,4
Z02,12.55,W,autumn,clear,24.8,2,2,1,7
Z02,20.33,N,autumn,clear,3,4,4,1,8
Z04,19.15,NW,autumn,rain,20.2,3,3,1,8
Z02,0,S,autumn,cloudy,5.1,2,1,0.5,0
Z06,6.24,SE,autumn,rain,34.2,2,1,0.5,2
Z07,20.03,SW,autumn,clear,24,3,3,1,6
Z02,9.45,N,summer,rain,14.9,4,2,0.5,7
Z07,17.41,E,autumn,rain,18.4,3,0,0,14
Z06,18.49,N,autumn,cloudy,16.5,4,2,0.5,3
Z08,15.3,E,spring,rain,13.5,4,2,0.5,8
Z08,17.69,S,winter,rain,16.7,4,4,1,7
Z07,7.26,E,summer,rain,5.3,3,3,1,1
Z07,10.71,S,winter,fog,25.2,3,0,0,4
Z01,18.14,NW,spring,clear,3,3,3,1,2
Z01,9.48,E,summer,cloudy,11.8,2,1,0.5,2
Z02,8.56,SE,winter,rain,16.4,3,1,0.333,3
Z05,24.56,NW,autumn,snow,22.3,4,3,0.75,7
Z04,8.11,W,summer,rain,25.8,3,2,0.667,6
Z07,1.98,SW,spring,clear,12.4,3,2,0.667,1
Z08,10.68,SW,summer,rain,22.6,4,3,0.75,9
Z01,0,W,spring,fog,28.9,2,2,1,0
Z07,10.53,E,summer,rain,18,2,1,0.5,1
Z01,0.88,N,summer,clear,28.7,2,0,0,0
Z03,7.01,N,autumn,clear,18.8,4,2,0.5,6
Z05,19.81,SE,spring,rain,15.1,4,4,1,10
Z07,20.05,E,summer,cloudy,27.6,4,3,0.75,6
Z01,11.54,W,autumn,cloudy,23.3,2,1,0.5,4
Z07,10.56,NE,autumn,cloudy,22.8,2,1,0.5,4
Z05,7.83,S,winter,clear,9.3,4,3,0.75,2
Z06,11.58,E,winter,rain,18.2,4,2,0.5,3
Z05,26.44,SW,winter,clear,24.6,2,2,1,8
Z08,10.3,SW,summer,rain,26.8,4,2,0.5,3
Z05,2.11,SW,spring,clear,28.1,4,3,0.75,1
Z01,11.64,W,winter,clear,21.3,2,2,1,4
Z06,6.18,SW,autumn,cloudy,21.3,3,1,0.333,1
Z04,24.67,E,spring,clear,6.3,3,2,0.667,6
Z08,13.2,W,spring,clear,17.9,4,2,0.5,5
Z03,7.85,E,spring,clear,28.3,2,2,1,2
Z02,1.76,NW,spring,cloudy,35.9,2,1,0.5,1
Z05,28.91,S,spring,clear,22.7,4,2,0.5,6
Z01,7.94,SW,winter,rain,27.7,3,1,0.333,4
Z03,11.24,N,spring,clear,24.5,3,2,0.667,7
Z07,25.44,N,spring,cloudy,25.1,2,1,0.5,6
Z08,12.7,SW,summer,cloudy,20.6,4,2,0.5,0
Z02,0.76,SE,summer,clear,16.4,4,3,0.75,0
Z01,16.09,N,summer,rain,33.9,2,0,0,11
Z02,24.47,S,spring,cloudy,15.8,4,3,0.75,8
Z03,17.86,W,autumn,rain,22.2,4,0,0,8
Z01,13.72,N,autumn,clear,17.2,4,3,0.75,6
Z06,10.6,S,autumn,clear,11.2,3,3,1,7
Z08,15.02,S,autumn,rain,26,3,1,0.333,5
Z05,4.87,SE,summer,fog,15.7,2,1,0.5,1
Z03,10.78,NW,winter,clear,38.4,3,2,0.667,0
Z08,15.14,W,autumn,cloudy,10.5,4,3,0.75,6
Z02,22.65,NE,winter,clear,21.4,2,2,1,7
Z03,20.15,SW,winter,rain,17.9,4,1,0.25,14
Z07,20.93,NW,spring,clear,7.4,4,3,0.75,6
Z06,13.08,N,spring,cloudy,28.5,4,2,0.5,4
Z03,15.91,SE,summer,rain,21.9,4,2,0.5,12
Z02,0,SE,spring,clear,24.1,2,2,1,0
Z04,15.86,NW,spring,clear,3,4,3,0.75,1
Z01,5.6,N,summer,clear,21.2,2,1,0.5,1
Z07,8.97,SE,spring,clear,29.3,4,2,0.5,1
Z06,8.34,S,autumn,clear,16,2,2,1,2
Z04,0.46,NE,winter,clear,29.8,4,1,0.25,0
Z02,23.18,W,autumn,rain,24.7,2,2,1,11
Z02,0,E,spring,clear,24.2,3,3,1,0
Z03,15.39,SW,autumn,clear,8.1,2,2,1,3
Z05,18.7,NE,autumn,cloudy,32.6,4,4,1,4
Z03,7.83,E,summer,cloudy,19.9,3,2,0.667,1
Z02,3.79,NW,autumn,rain,33.9,3,1,0.333,3
Z03,0.78,W,autumn,cloudy,20.7,4,2,0.5,0
Z04,11.98,SW,spring,cloudy,27,3,1,0.333,3
Z08,10.89,NE,autumn,rain,20.3,3,1,0.333,6
Z05,1.8,E,winter,fog,12.4,4,2,0.5,0
Z06,11.62,N,spring,rain,41.1,2,2,1,3
Z02,5.43,NE,summer,clear,15.4,4,3,0.75,0
Z03,14.19,N,spring,clear,20.2,2,1,0.5,4
Z07,2.28,NW,spring,snow,12.1,4,4,1,0
Z04,7.71,NW,autumn,clear,6.9,3,2,0.667,0
Z06,14.49,SW,spring,clear,3,2,2,1,3
Z02,6.29,NE,summer,rain,18,3,2,0.667,3
Z06,7.41,SE,spring,clear,7.9,4,4,1,2
Z08,5.07,NW,summer,clear,28.1,3,2,0.667,0
Z07,11.65,E,spring,clear,37.3,3,0,0,3
Z07,9.16,S,summer,fog,13.7,2,1,0.5,2
Z02,14.39,NE,spring,clear,20.6,4,1,0.25,5
Z01,11.45,SW,winter,cloudy,14.4,4,3,0.75,2
Z08,18.5,E,winter,clear,24.1,2,1,0.5,6
Z02,22.95,N,summer,rain,25.1,4,3,0.75,17
Z08,16.6,NE,spring,cloudy,16.1,3,1,0.333,4
Z06,16.92,SW,autumn,clear,21.3,4,3,0.75,3
Z06,8.02,NE,summer,clear,19.3,2,1,0.5,1
Z02,16.66,W,winter,rain,9.6,4,1,0.25,11
Z04,13.01,E,autumn,rain,10.9,2,1,0.5,7
Z02,8.81,N,spring,rain,29.2,3,1,0.333,2
Z04,11.5,NE,summer,clear,25.5,3,3,1,1
Z03,0.79,NE,spring,clear,27,2,2,1,0
Z05,14.35,E,spring,rain,23.8,4,0,0,8
Z07,14.89,NE,winter,cloudy,30.7,4,3,0.75,4
Z02,6.74,NE,spring,rain,28.5,3,1,0.333,2
Z06,17.15,SW,autumn,cloudy,23.6,2,0,0,7
Z05,21.27,SE,spring,cloudy,10,3,2,0.667,7
Z08,10.42,SW,winter,clear,29.5,2,0,0,2
Z05,21.27,SW,autumn,cloudy,6.9,4,1,0.25,1
Z08,12.12,E,summer,clear,26.3,4,3,0.75,2
Z01,0,NE,winter,cloudy,6.8,2,2,1,0
Z05,10.49,NE,summer,clear,14.2,4,3,0.75,2
Z01,0.53,S,summer,clear,11.8,3,2,0.667,0
Z07,24.1,SE,summer,clear,11.5,2,2,1,7
Z02,10.28,NE,summer,rain,25.6,3,1,0.333,7
Z06,13.48,W,autumn,clear,12.4,3,2,0.667,1
Z04,12.17,SE,spring,cloudy,24.2,4,4,1,5
Z03,0,S,autumn,cloudy,17.3,2,1,0.5,0
Z08,9.7,NE,spring,rain,31.9,3,2,0.667,5
Z02,15.54,NE,winter,clear,3,2,2,1,3
Z07,14.72,NW,summer,clear,13.2,4,3,0.75,1
Z01,12.93,W,autumn,fog,20.7,3,0,0,7
Z05,3.58,NE,winter,clear,25.5,2,2,1,1
Z02,9.54,N,summer,cloudy,45.6,2,1,0.5,0
Z07,5.72,E,summer,cloudy,8.5,2,2,1,2
Z05,6.67,SW,autumn,clear,14.5,2,1,0.5,0
Z04,10.23,SW,autumn,clear,26.3,4,4,1,3
Z02,17.24,W,summer,clear,36,3,1,0.333,7
Z01,20.82,NE,winter,clear,26.9,4,4,1,6
Z02,0,S,spring,clear,21.7,3,2,0.667,0
Z08,16.35,SE,autumn,rain,13,4,1,0.25,5
Z06,4.5,SW,summer,fog,39.7,3,2,0.667,2
Z01,13.71,N,summer,fog,14.3,3,1,0.333,3
Z02,15.65,W,summer,cloudy,6.1,3,2,0.667,4
Z07,5.07,NW,spring,rain,18.8,3,3,1,5
Z05,22.02,NW,summer,clear,3,2,0,0,8
Z06,0.24,E,summer,fog,21.5,4,3,0.75,0
Z05,10.78,N,winter,clear,3,4,1,0.25,0
Z06,9.52,E,winter,cloudy,25.3,4,3,0.75,0
Z07,16.86,E,autumn,cloudy,24.3,4,3,0.75,3
Z06,10.17,NE,winter,clear,31.9,4,3,0.75,0
Z01,6.1,NE,winter,snow,12.4,4,4,1,0
Z05,11.97,SE,winter,cloudy,22.3,3,1,0.333,2
Z03,10.36,NE,winter,clear,10.6,2,1,0.5,0
Z05,0,N,autumn,clear,10.9,4,3,0.75,0
Z05,0.7,SE,winter,clear,19.7,2,1,0.5,0
Z05,13.95,SW,autumn,clear,7.1,3,3,1,2
Z04,12.51,NE,autumn,clear,13.7,2,2,1,4
Z03,11.84,E,autumn,fog,36.5,3,1,0.333,3
Z05,8.01,E,autumn,clear,12.3,4,4,1,3
Z08,19.4,NE,spring,clear,16.6,4,2,0.5,6
Z06,21.11,SE,winter,clear,15.7,4,2,0.5,3
Z08,21.37,NW,autumn,clear,26.5,3,1,0.333,4
Z06,22.29,SW,spring,rain,38.8,3,0,0,18
Z07,18.12,N,winter,clear,28.3,2,1,0.5,5
Z07,9.95,SW,summer,snow,17.8,4,3,0.75,9
Z05,3.54,SE,summer,snow,24.2,3,3,1,1
Z05,9.95,N,summer,clear,12.1,4,4,1,1
Z03,20.19,NW,autumn,cloudy,39.9,2,1,0.5,3
Z01,11.99,E,winter,clear,26.1,3,0,0,3
Z04,0,S,summer,clear,42.9,3,2,0.667,0
Z06,17.72,NE,winter,snow,29.3,2,0,0,5
Z08,10.15,S,winter,clear,17.4,2,1,0.5,4
Z04,8.06,N,summer,clear,24.1,2,1,0.5,3
Z08,17.78,NW,winter,rain,7.5,2,2,1,4
Z08,27.64,SE,summer,rain,20.7,2,1,0.5,26
Z02,9.59,SW,spring,cloudy,11.5,2,2,1,3
Z03,19.76,N,autumn,cloudy,30,3,2,0.667,6
Z02,5.55,W,spring,clear,14,4,3,0.75,3
Z02,0,E,summer,clear,16.8,3,2,0.667,0
Z03,1.98,E,winter,clear,21,3,2,0.667,0
Z08,3.56,S,spring,rain,24.6,3,2,0.667,2
Z05,11.31,SW,winter,clear,27.1,3,2,0.667,6
Z01,27.17,NW,winter,clear,3,3,3,1,6
Z05,11.13,N,spring,rain,33.9,4,2,0.5,2
Z03,20.69,N,winter,clear,21.2,3,2,0.667,10
Z06,11.98,NE,winter,cloudy,31.8,2,1,0.5,6
Z03,12.04,N,summer,clear,22.3,4,3,0.75,5
Z04,20.59,NW,summer,rain,19.4,3,0,0,11
Z02,17.78,NW,autumn,rain,6.2,2,1,0.5,10
Z04,10.79,NE,spring,clear,38.6,2,0,0,4
Z02,0,S,summer,cloudy,29,2,1,0.5,0
Z01,9.31,NE,winter,fog,26.2,3,2,0.667,0
Z06,11.59,E,autumn,clear,21,4,1,0.25,3
Z03,4.36,NW,spring,clear,19.9,2,2,1,0
Z04,9.86,E,winter,cloudy,22.3,3,2,0.667,2
Z01,2.01,E,winter,clear,31.9,2,2,1,0
Z05,10.35,E,summer,rain,16.6,2,1,0.5,3
Z04,13.98,E,winter,clear,22.9,3,1,0.333,4
Z02,10.57,SE,autumn,cloudy,29.6,3,1,0.333,5
Z08,23.28,SW,autumn,clear,23.7,3,1,0.333,2
Z07,18.22,NE,winter,clear,3.5,3,3,1,6
Z07,10.13,NW,spring,clear,17.6,3,3,1,3
Z07,18,SW,winter,rain,13.1,3,1,0.333,7
Z03,20,W,summer,clear,20.3,4,1,0.25,12
Z03,0,NW,winter,cloudy,20,3,3,1,0
Z04,21.49,W,spring,clear,30.6,3,2,0.667,9
Z07,0,S,summer,clear,15,4,4,1,0
Z07,0,S,summer,clear,14.2,3,1,0.333,0
Z04,20.72,NE,spring,clear,18.6,2,1,0.5,2
Z01,13.98,NW,winter,clear,17.3,4,1,0.25,3
Z05,3.34,SE,winter,snow,5.6,4,3,0.75,0
Z04,20.49,S,autumn,rain,4.1,2,2,1,15
Z02,12.56,S,spring,rain,8.8,2,0,0,4
Z05,18.24,SW,autumn,rain,23.5,3,3,1,17
Z08,0,N,spring,rain,34.5,3,1,0.333,0
Z01,0,W,autumn,fog,13.3,2,1,0.5,0
Z07,0.87,NW,summer,clear,20.9,3,3,1,0
Z03,16.12,SE,summer,clear,19.6,4,1,0.25,2
Z05,9.37,E,winter,clear,14.8,4,2,0.5,1
Z03,11.49,SW,autumn,rain,24.3,4,3,0.75,4
Z06,31.22,S,spring,clear,16.4,2,1,0.5,13
Z08,13.46,NE,summer,clear,45,3,3,1,10
Z06,15.7,W,spring,cloudy,9,4,2,0.5,2
Z05,20.38,SE,autumn,clear,23,4,3,0.75,9
Z02,1.82,S,autumn,clear,13.1,3,2,0.667,1
Z05,9.38,SW,autumn,clear,3,4,4,1,1
Z07,17.72,W,summer,clear,4.9,3,3,1,5
Z05,4.86,NW,summer,clear,24.1,3,2,0.667,1
Z02,20.64,E,autumn,clear,23,2,1,0.5,8
Z04,4.37,NW,winter,rain,12.5,4,2,0.5,4
Z08,16.07,N,autumn,cloudy,8.4,2,1,0.5,5
Z05,26.81,SW,autumn,clear,27,4,3,0.75,7
Z05,22.68,NE,winter,fog,21.6,2,1,0.5,8
Z02,16.62,SE,spring,rain,3,3,1,0.333,12
Z08,16.64,NE,autumn,clear,17.6,4,2,0.5,11
Z08,8.87,NW,autumn,rain,22.8,2,1,0.5,4
Z05,27.21,W,summer,clear,12.5,2,2,1,14
Z04,10.12,NW,spring,clear,12.9,4,2,0.5,1
Z05,17.58,S,autumn,rain,18.3,2,1,0.5,7
Z07,10.72,NE,spring,cloudy,10.1,3,2,0.667,4
Z02,18.1,N,autumn,clear,29,2,2,1,6
Z07,18.65,E,spring,clear,21.5,3,2,0.667,5
Z05,11.32,W,spring,clear,18.7,2,1,0.5,4
Z07,6.35,N,spring,clear,8.4,2,1,0.5,0
Z03,20.87,W,autumn,fog,26.5,2,1,0.5,5
Z05,6.08,NW,autumn,rain,7.1,4,1,0.25,2
Z05,20.63,NW,winter,clear,10.4,4,2,0.5,7
Z04,15.79,SE,autumn,clear,21.1,4,2,0.5,4
Z08,10.24,W,winter,clear,40.2,3,1,0.333,1
Z06,7.32,W,spring,clear,9.7,4,3,0.75,2
Z05,19.06,S,summer,clear,12.9,2,1,0.5,2
Z08,4,SE,autumn,clear,22.7,3,1,0.333,2
Z07,10.53,SE,summer,clear,17.5,4,3,0.75,3
Z07,14.57,S,autumn,clear,22.6,3,1,0.333,2
Z01,21.7,E,winter,rain,29.3,3,1,0.333,14
Z03,4.65,N,spring,rain,7.4,2,2,1,1
Z03,7.06,SW,spring,rain,17.9,2,2,1,0
Z05,16.77,NE,summer,clear,23.9,2,2,1,8
Z03,13.75,E,spring,fog,36.5,3,2,0.667,1
Z04,5.09,NW,winter,clear,13.6,4,3,0.75,0
Z06,10.53,NW,summer,clear,23,3,1,0.333,2
Z08,16.98,NE,autumn,clear,22.2,4,3,0.75,9
Z04,9.02,S,autumn,clear,17.2,4,2,0.5,3
Z08,5.71,S,autumn,fog,24.9,2,1,0.5,2
Z05,6.85,N,spring,snow,34.9,4,3,0.75,3
Z05,0,N,spring,cloudy,29.5,3,1,0.333,0
Z01,20.65,E,spring,rain,34.7,3,2,0.667,14
Z08,20.6,N,winter,cloudy,15.9,4,3,0.75,5
Z01,8.78,SW,autumn,rain,27.4,4,4,1,4
Z07,0,SE,winter,clear,22.1,2,1,0.5,0
Z07,14.47,E,spring,clear,21.4,2,1,0.5,3
Z07,0,NW,winter,rain,5,3,2,0.667,0
Z05,5.78,NE,winter,rain,26.5,3,2,0.667,6
Z05,3.08,NW,summer,rain,16.6,2,2,1,0
Z01,11.31,SW,summer,cloudy,11.2,3,2,0.667,5
Z01,11.15,S,spring,clear,3,2,1,0.5,1
Z07,16.18,E,spring,clear,34.3,4,2,0.5,7
Z03,5.55,S,spring,cloudy,35.8,2,2,1,1
Z01,10.58,W,summer,clear,21.6,4,4,1,3
Z03,17.18,SE,winter,clear,14.5,4,3,0.75,5
Z05,5.04,NW,spring,snow,25.6,4,3,0.75,1
Z01,13.74,N,summer,rain,23.8,3,1,0.333,14
Z08,0.19,NW,summer,cloudy,26.8,4,4,1,0
Z01,12.09,SE,spring,rain,23,2,1,0.5,7
Z01,10.98,N,autumn,clear,21.5,3,2,0.667,0
Z03,14.81,NE,autumn,fog,35.7,2,2,1,5
Z05,10.15,W,winter,clear,12.1,4,3,0.75,3
Z04,17.2,W,autumn,rain,11.7,4,3,0.75,10
Z06,9.87,S,autumn,snow,19.7,4,3,0.75,5
Z02,3.06,NE,summer,snow,13.7,2,2,1,2
Z05,14.96,SW,spring,rain,12.3,3,2,0.667,8
Z05,9.87,SW,spring,clear,27.2,2,0,0,3
Z08,25.49,N,autumn,rain,11.1,3,2,0.667,12
Z03,20.33,SW,spring,snow,11.7,2,1,0.5,9
Z08,11.04,S,summer,rain,25.3,4,3,0.75,10
Z01,0,SW,spring,cloudy,19.9,4,3,0.75,0
Z06,0,SW,autumn,rain,23.1,3,2,0.667,0
Z05,5.83,E,spring,clear,30.2,4,2,0.5,1
Z05,12.96,E,autumn,clear,28.7,3,2,0.667,2
Z05,24.45,SW,autumn,clear,16.1,2,2,1,12
Z02,22.85,W,spring,cloudy,17.7,2,1,0.5,6
Z07,13.73,SE,spring,clear,18.4,3,1,0.333,1
Z03,12.14,NW,autumn,clear,15.1,2,2,1,4
Z04,16.66,NW,spring,cloudy,15.7,3,2,0.667,3
Z02,20.16,SE,winter,clear,22.3,2,1,0.5,7
Z01,9.59,NE,spring,snow,17.3,3,3,1,2
Z02,1.94,N,summer,rain,19.7,3,2,0.667,1
Z01,11.56,SE,summer,cloudy,23.8,3,3,1,3
Z04,15.56,W,winter,rain,23,2,2,1,15
Z08,16.56,SE,summer,clear,23.1,3,1,0.333,2
Z02,0,NE,autumn,clear,21.9,2,2,1,0
Z01,19.02,S,autumn,clear,28.8,2,1,0.5,7
Z05,15.84,E,autumn,cloudy,21.5,3,1,0.333,6
Z02,15.05,NE,spring,fog,30.2,2,0,0,9
Z08,7.21,SE,spring,rain,12.3,2,2,1,6
Z05,23.82,SW,spring,rain,24.1,4,3,0.75,14
Z02,24.71,NW,summer,clear,10.4,3,2,0.667,10
Z08,11.21,S,autumn,cloudy,22.9,4,3,0.75,3
Z03,21.01,W,winter,clear,15.8,3,2,0.667,6
Z05,16.84,W,summer,cloudy,35.1,4,3,0.75,5
Z03,11.04,NW,winter,clear,34.2,4,4,1,3
Z07,20.15,S,autumn,cloudy,12.2,2,1,0.5,5
Z04,15.99,NE,spring,rain,6.1,4,3,0.75,9
Z02,19.3,NE,winter,clear,10.5,3,2,0.667,5
Z08,9.6,W,summer,clear,39.3,3,2,0.667,1
Z07,16.19,S,spring,cloudy,3,2,2,1,3
Z02,14.28,SW,spring,rain,21,2,1,0.5,5
Z02,10.95,NE,winter,clear,13.5,4,4,1,1
Z05,8.84,NW,summer,clear,17,4,3,0.75,1
Z04,9.03,S,winter,clear,20.6,4,1,0.25,3
Z08,9.03,NW,autumn,clear,32.4,3,3,1,2
Z07,12.48,SW,autumn,snow,19.7,3,2,0.667,6
Z01,23.53,E,winter,snow,4,4,4,1,10
Z04,9.57,S,autumn,cloudy,19.5,3,3,1,0
Z02,23.48,SW,summer,cloudy,3,2,0,0,10
Z05,10.36,SE,summer,rain,24,4,2,0.5,3
Z07,11.87,E,winter,rain,29.1,4,2,0.5,9
Z03,28.4,W,spring,cloudy,25.7,2,0,0,9
Z06,16.94,W,summer,clear,33.1,4,1,0.25,4
Z05,9.13,SE,summer,rain,6.8,3,2,0.667,5
Z02,13.65,SW,winter,clear,17.3,2,1,0.5,1
Z05,0,SW,spring,snow,29.2,3,2,0.667,0
Z05,18.34,NW,spring,cloudy,30.2,2,2,1,3
Z02,18.59,S,winter,rain,18.9,4,3,0.75,15
Z07,13.63,NW,autumn,fog,13.6,4,2,0.5,4
Z03,11.61,SE,summer,clear,20,3,2,0.667,3
Z08,8.85,SW,summer,clear,22.8,4,2,0.5,1
Z05,22.94,E,autumn,clear,34,4,3,0.75,5
Z01,27.85,S,summer,cloudy,25.5,4,3,0.75,6
Z08,14.49,NE,summer,clear,18.8,4,2,0.5,5
Z02,4.98,W,autumn,clear,22.7,4,3,0.75,0
Z04,7.95,NE,winter,clear,14.1,4,4,1,3
Z05,4.34,NW,winter,rain,15.9,2,1,0.5,4
Z01,19.5,N,summer,clear,19.2,4,3,0.75,8
Z01,10,SE,summer,clear,12.3,3,3,1,1
Z07,9.33,NW,spring,clear,9.1,2,2,1,1
Z01,10.67,NE,spring,clear,20.6,3,2,0.667,3
Z02,7.37,SW,winter,clear,26,2,2,1,0
Z08,6.34,N,spring,clear,24.2,3,2,0.667,3
Z06,14.48,SE,spring,clear,3,3,3,1,5
Z06,7.41,NE,spring,rain,14.1,3,1,0.333,3
Z06,22.14,SE,summer,rain,20.3,3,1,0.333,12
Z02,5.94,N,spring,clear,35.2,2,2,1,1
Z06,13.01,W,summer,snow,20.4,2,0,0,4
Z03,0,SE,winter,clear,38.9,4,3,0.75,0
Z08,6.14,N,spring,rain,19.7,4,2,0.5,2
Z01,9.48,S,summer,clear,22.3,4,2,0.5,2
Z01,15.64,NE,summer,clear,20.9,4,3,0.75,6
Z01,4.2,E,autumn,clear,3,3,3,1,0
Z04,16.62,NW,summer,clear,8,4,2,0.5,4
Z06,15.61,N,summer,rain,26.8,4,3,0.75,3
Z02,1.49,E,autumn,clear,13.6,3,2,0.667,0
Z06,16.09,NW,spring,clear,13.7,3,2,0.667,3
Z05,6.35,NW,winter,clear,24.3,4,2,0.5,1
Z05,6.57,E,summer,rain,4.7,3,3,1,0
Z02,18.9,W,winter,clear,9.2,3,3,1,5
Z05,32.97,SW,spring,cloudy,23.3,3,1,0.333,14
Z06,2.36,NE,spring,cloudy,18.6,4,4,1,0
Z06,20.12,NW,summer,cloudy,21.6,2,2,1,8
Z08,7.21,W,winter,clear,9.5,3,2,0.667,0
Z02,11.41,E,winter,cloudy,3,2,2,1,5
Z03,16.23,N,autumn,clear,18.6,3,3,1,7
Z06,17.74,NW,autumn,clear,19.2,4,4,1,6
Z05,14.15,S,spring,snow,21.8,4,2,0.5,5
Z06,0,SW,autumn,cloudy,19.7,2,2,1,0
Z03,21.78,SE,summer,fog,3.5,3,3,1,8
Z02,10.59,S,spring,clear,19.5,2,0,0,0
Z08,20.63,S,summer,clear,25.1,4,2,0.5,11
Z02,18.29,SW,spring,cloudy,28.3,2,1,0.5,7
Z01,23.55,NW,summer,rain,11.6,3,2,0.667,15
Z07,15.67,SW,summer,cloudy,37.5,3,3,1,8
Z01,12.45,SE,summer,clear,3,2,2,1,0
Z01,4.48,NE,spring,clear,27.2,2,1,0.5,0
Z02,29.92,S,autumn,rain,10.4,2,1,0.5,23
Z05,10.38,SE,autumn,clear,19.1,3,3,1,3
Z07,3.05,SW,summer,clear,6.3,3,2,0.667,0
Z08,16.7,NE,autumn,clear,20.3,4,2,0.5,7
Z03,13.78,NE,winter,clear,16.5,3,2,0.667,7
Z02,7.85,S,spring,cloudy,15.2,4,2,0.5,1
Z03,18.92,N,winter,cloudy,22.4,3,1,0.333,6
Z07,12.89,SW,summer,snow,3,4,3,0.75,3
Z03,9.18,SW,summer,rain,21.5,3,2,0.667,7
Z01,19.27,S,winter,rain,38.5,4,2,0.5,12
Z05,13.45,SE,spring,clear,25.5,3,3,1,6
Z04,8.48,SE,winter,clear,21.4,3,2,0.667,2
Z02,6.02,SE,autumn,clear,30.2,2,2,1,3
Z03,3.64,N,summer,rain,13.9,4,2,0.5,0
Z01,18.07,SE,summer,clear,16.7,2,1,0.5,2
Z01,17.08,S,winter,cloudy,40.3,4,4,1,6
Z03,17.87,SE,winter,clear,25.5,3,0,0,3
Z05,24.06,W,winter,cloudy,30.9,2,1,0.5,7
Z08,20.33,S,spring,clear,21.6,2,1,0.5,5
Z03,19.71,NW,autumn,snow,3,4,2,0.5,6
Z02,19.6,W,autumn,clear,19.9,3,2,0.667,5
Z03,10.4,N,autumn,clear,13.4,3,1,0.333,1
Z04,14.47,NE,spring,clear,34.9,4,1,0.25,9
Z08,13.46,W,spring,clear,25.4,4,4,1,1
Z04,0.85,W,spring,cloudy,27.6,3,2,0.667,0
Z06,18.72,SE,autumn,clear,7.8,3,1,0.333,6
Z05,0,N,summer,rain,24,4,0,0,0
Z03,6.47,S,summer,clear,33.4,4,3,0.75,2
Z02,10.46,N,summer,fog,11.5,2,1,0.5,2
Z06,14.72,N,winter,clear,23,4,2,0.5,2
Z08,11.9,NE,winter,cloudy,10.5,3,0,0,5
Z03,16.15,SE,summer,cloudy,21.6,4,2,0.5,8
Z06,5.44,NE,autumn,clear,25.9,2,1,0.5,0
Z05,0.77,NE,winter,rain,25.2,2,1,0.5,0
Z02,9.36,SE,spring,cloudy,9.3,2,1,0.5,2
Z03,2.86,SE,spring,clear,27.4,2,2,1,0
Z01,11.34,NW,summer,cloudy,3,2,1,0.5,4
Z04,13.19,S,winter,snow,17.9,4,4,1,4
Z06,15.62,SE,autumn,clear,5.3,3,1,0.333,3
Z02,6.73,SE,summer,rain,19,2,1,0.5,1
Z01,14.8,SE,autumn,rain,8.2,4,2,0.5,6
Z02,9.03,SE,winter,cloudy,25.4,4,2,0.5,3
Z05,11.99,W,autumn,clear,31.5,3,2,0.667,6
Z07,13.35,W,summer,clear,13.1,3,2,0.667,3
Z04,21.27,NW,autumn,clear,29.3,3,1,0.333,9
Z01,6.45,NE,summer,clear,25.7,2,1,0.5,1
Z04,8.28,SW,spring,cloudy,24.5,2,2,1,2
Z02,0,SW,spring,clear,13.4,4,2,0.5,0
Z03,6.29,W,spring,fog,17.5,2,1,0.5,0
Z03,13.61,NE,summer,cloudy,23.1,4,2,0.5,7
Z06,15.73,E,autumn,cloudy,20.4,2,1,0.5,4
Z06,10.84,NE,winter,rain,27.5,4,2,0.5,6
Z06,14.74,N,winter,cloudy,14.2,3,2,0.667,4
Z08,12.4,NE,spring,cloudy,30.4,4,2,0.5,9
Z04,17.66,NE,spring,cloudy,3,3,1,0.333,5
Z02,15.89,N,summer,fog,21,4,3,0.75,9
Z01,3.45,E,autumn,clear,3,2,1,0.5,1
Z01,4.95,W,winter,fog,25.1,4,2,0.5,1
Z04,27.38,SW,autumn,rain,31.7,4,2,0.5,11
Z08,2.64,SW,summer,clear,30.1,3,3,1,0
Z02,7.07,SE,winter,clear,18.5,3,3,1,2
Z05,7.33,NW,summer,cloudy,15.5,3,2,0.667,0
Z01,7.71,S,spring,clear,17.4,2,1,0.5,2
Z08,7.27,W,spring,rain,14.5,2,1,0.5,2
Z01,0,NE,spring,clear,21.5,2,1,0.5,0
Z02,11.83,SE,autumn,snow,27.2,2,2,1,5
Z06,17.66,NE,autumn,clear,28.4,4,3,0.75,4
Z04,20.73,S,winter,clear,25,2,1,0.5,1
Z08,14.48,NE,summer,rain,21,4,4,1,14
Z08,15.46,SW,winter,clear,11.3,4,1,0.25,2
Z07,23.33,W,spring,rain,30.1,2,0,0,15
Z04,6.99,W,summer,clear,17.5,4,3,0.75,3
Z07,2.99,NE,winter,cloudy,25.1,2,2,1,0
Z03,12.6,E,summer,clear,24.9,2,1,0.5,2
Z07,14.25,N,autumn,cloudy,13.8,4,3,0.75,6
Z01,12.42,S,autumn,clear,26.4,4,2,0.5,7
Z07,11.4,SW,summer,snow,28.3,4,3,0.75,5
Z08,10.46,N,summer,cloudy,19.6,2,0,0,2
Z08,6.36,SE,autumn,clear,14.1,2,2,1,3
Z01,0,N,summer,clear,35.7,4,3,0.75,0
Z08,23.47,NE,summer,clear,23.1,4,0,0,9
Z02,5.46,W,winter,cloudy,13.9,3,2,0.667,0
Z08,5.85,NW,summer,fog,35.9,2,0,0,0
Z06,12.38,NE,winter,clear,28.1,2,2,1,6
Z03,17.22,E,spring,clear,21.3,4,3,0.75,5
Z07,8.81,W,spring,rain,3,3,2,0.667,6
Z07,7.61,E,spring,rain,31.8,3,2,0.667,4
Z02,22.87,N,spring,cloudy,30.5,3,3,1,4
Z01,8.22,S,summer,clear,29.2,2,1,0.5,5
Z03,7.48,S,spring,rain,20.3,2,1,0.5,1
Z02,16.95,S,summer,cloudy,20.9,2,0,0,3
Z08,8.92,E,autumn,rain,32.5,4,1,0.25,7
Z05,10.16,S,spring,clear,15.4,2,2,1,2
Z05,16.17,NW,spring,rain,21.4,2,1,0.5,3
Z01,14.61,E,autumn,rain,43.6,2,2,1,11
Z06,11.97,SW,summer,clear,20.4,3,2,0.667,6
Z02,6.23,N,winter,clear,23.9,3,2,0.667,0
Z04,9.22,NW,autumn,clear,20.6,4,4,1,2
Z06,20.98,SE,autumn,clear,26,3,2,0.667,5
Z07,9.18,NE,autumn,snow,34.1,3,1,0.333,4
Z01,3.97,W,autumn,clear,23.6,4,3,0.75,2
Z05,0,W,spring,cloudy,33.3,2,2,1,0
Z01,1.41,SE,winter,clear,31.8,4,3,0.75,1
Z04,27.85,NE,autumn,clear,15.4,4,4,1,11
Z07,2.89,S,autumn,cloudy,31,2,1,0.5,0
Z04,15.38,N,spring,snow,13.2,4,1,0.25,6
Z05,15.13,SE,summer,clear,25.2,4,4,1,1
Z05,11.76,S,spring,clear,8.5,4,2,0.5,1
Z02,5.03,N,summer,clear,33.6,2,1,0.5,2
Z01,16.32,NE,winter,clear,4.2,4,3,0.75,3
Z02,0,NE,autumn,clear,31.5,3,3,1,0
Z05,28.97,SW,summer,clear,48.9,2,2,1,17
Z06,9.99,N,autumn,snow,26.6,3,1,0.333,1
Z08,5.25,E,winter,clear,21.5,3,1,0.333,2
Z07,17.4,E,summer,clear,17.9,3,3,1,13
Z05,12.01,SW,winter,clear,10.1,2,1,0.5,8
Z04,10.28,SE,spring,rain,16.5,2,2,1,3
Z03,21.93,N,summer,clear,29.9,3,2,0.667,11
Z03,11.24,SW,spring,cloudy,4,4,4,1,3
Z08,0,SE,winter,clear,11.7,2,0,0,0
Z01,14.62,NW,spring,rain,34.9,4,3,0.75,9
Z04,20.55,SW,summer,clear,10.1,3,2,0.667,5
Z06,5.79,N,winter,rain,28.6,3,2,0.667,4
Z01,17.64,N,autumn,clear,40.5,4,3,0.75,4
Z06,6.61,W,winter,rain,13.5,4,3,0.75,3
Z08,13.62,NE,autumn,cloudy,21.4,4,3,0.75,6
Z06,2.78,SE,summer,rain,17.1,4,2,0.5,0
Z02,15.23,NW,spring,cloudy,22.1,4,4,1,6
Z05,0,W,summer,rain,27.3,3,1,0.333,0
Z03,19.04,W,spring,rain,9,4,3,0.75,7
Z06,9.3,W,spring,clear,19.3,3,1,0.333,0
Z08,22.73,N,autumn,rain,23.1,2,1,0.5,8
Z03,7.52,SW,winter,clear,17.2,2,2,1,4
Z07,21.68,N,autumn,clear,11.7,3,3,1,4
Z03,0,E,autumn,clear,25.4,2,1,0.5,0
Z08,9.39,SW,spring,fog,27.1,2,1,0.5,3
Z07,6.91,N,spring,clear,9.9,2,2,1,1
Z03,18.37,N,summer,snow,27,4,2,0.5,7
Z04,12.07,NE,spring,clear,24.4,3,2,0.667,6
Z04,1.17,N,summer,cloudy,33.5,4,3,0.75,0
Z06,12.92,SW,autumn,clear,18,2,1,0.5,0
Z02,7.17,W,autumn,cloudy,11.6,4,3,0.75,0
Z08,13.78,E,winter,rain,33.2,4,3,0.75,10
Z05,10.75,S,autumn,fog,22.6,3,3,1,5
Z06,10.58,E,winter,clear,33.8,2,1,0.5,5
Z02,9.96,SW,spring,cloudy,11,2,1,0.5,1
Z08,3.83,NW,winter,cloudy,37.8,4,1,0.25,3
Z01,16.99,W,winter,rain,34.8,3,2,0.667,20
Z07,22.01,W,winter,rain,15,4,3,0.75,9
Z06,9.58,W,autumn,clear,33.8,3,2,0.667,5
Z01,21.58,SW,spring,cloudy,27.2,2,2,1,5
Z05,18.58,W,spring,snow,10,3,1,0.333,7
Z03,1.46,NE,spring,rain,20.1,2,2,1,0
Z05,6.98,N,spring,cloudy,11.1,3,2,0.667,0
Z06,25.21,W,autumn,clear,24.7,4,3,0.75,4
Z08,7.62,NW,autumn,clear,39.3,4,1,0.25,2
Z02,0,W,summer,clear,20.5,2,0,0,0
Z07,10.28,SE,autumn,cloudy,24.3,3,1,0.333,6
Z05,17.9,NW,spring,clear,19.9,2,1,0.5,3
Z06,11.31,N,autumn,rain,39.4,4,4,1,8
Z01,8.02,NW,winter,clear,10.6,2,2,1,0
Z05,9.48,NW,summer,rain,11.6,4,4,1,2
Z06,6.48,N,autumn,clear,18.9,3,2,0.667,2
Z05,13.1,SW,winter,clear,10.1,2,1,0.5,2
Z05,14.99,E,autumn,snow,25.2,2,2,1,5
Z05,17.94,E,autumn,rain,12.8,3,1,0.333,4
Z02,15.98,N,summer,snow,36.9,4,3,0.75,8
Z07,12.27,NW,winter,clear,19.6,2,1,0.5,3
Z08,18.12,N,spring,clear,18,3,2,0.667,5
Z04,14.54,NE,winter,rain,13.7,4,4,1,8
Z08,29.54,N,summer,snow,28.9,4,2,0.5,15
Z07,17.57,SE,spring,clear,25.3,2,0,0,9
Z07,19.26,SW,summer,fog,9.3,2,2,1,8
Z07,13,S,winter,clear,23.9,4,2,0.5,6
Z04,25.45,NE,summer,fog,7.7,2,2,1,8
Z01,12.31,E,autumn,clear,34.7,2,1,0.5,4
Z05,4.58,NW,autumn,clear,40.3,2,0,0,1
Z02,15.22,W,winter,rain,21.4,4,2,0.5,9
Z03,16.95,W,spring,clear,21.9,3,2,0.667,3
Z08,6.18,N,summer,clear,14.3,3,2,0.667,2
Z08,15.45,SW,autumn,snow,19.9,3,0,0,5
Z06,0,S,summer,clear,6.5,3,2,0.667,0
Z02,15.24,NW,summer,clear,37.7,4,0,0,4
Z06,18.92,SW,summer,cloudy,25.2,4,1,0.25,5
Z05,2.9,N,summer,rain,3,3,3,1,2
Z06,0,NE,winter,cloudy,18.7,2,1,0.5,0
Z04,18.93,NW,autumn,clear,7.2,2,1,0.5,7
Z02,22.54,N,spring,cloudy,16.5,4,1,0.25,8
Z03,15.92,NE,summer,snow,18.5,3,2,0.667,10
Z05,2.94,SW,autumn,clear,12.8,2,1,0.5,2
Z04,10.48,SE,summer,rain,44.7,2,2,1,2
Z03,9.69,N,autumn,clear,6.8,4,2,0.5,5
Z03,16.6,S,autumn,clear,33.3,3,0,0,3
Z02,12.79,NE,autumn,cloudy,5.5,2,1,0.5,0
Z05,16.31,SW,autumn,clear,24.6,4,0,0,4
Z05,5.52,W,spring,rain,10.6,3,2,0.667,5
Z07,18.08,NE,autumn,fog,8.7,4,1,0.25,7
Z07,6.79,W,summer,rain,16,3,1,0.333,2
Z08,5.28,N,winter,cloudy,6,2,2,1,0
Z03,7.6,SW,spring,clear,6.9,2,1,0.5,6
Z06,19.87,W,autumn,rain,41.7,2,0,0,19
Z03,21.47,NE,spring,rain,13.7,4,3,0.75,18
Z01,8.8,SE,autumn,cloudy,34.5,3,2,0.667,1
Z08,15.42,W,autumn,cloudy,20.1,4,4,1,1
Z02,19.74,SE,spring,clear,31.3,4,3,0.75,4
Z03,23.17,SE,autumn,clear,24.4,2,2,1,6
Z06,26.7,SE,summer,cloudy,30.7,2,1,0.5,8
Z05,22.97,S,autumn,clear,23.2,4,3,0.75,4
Z06,15.03,W,summer,rain,17.6,3,2,0.667,3
Z05,12.48,SE,winter,clear,10.8,3,1,0.333,2
Z08,14.38,S,autumn,clear,45.1,3,3,1,10
Z08,9.01,NW,winter,clear,23.2,4,3,0.75,1
Z04,11.52,NE,summer,cloudy,8.1,3,3,1,4
Z04,9.48,NW,summer,clear,44.2,3,1,0.333,2
Z04,16.53,N,winter,cloudy,33.8,4,2,0.5,7
Z08,13.96,E,winter,rain,23.4,3,2,0.667,14
Z08,2.35,E,summer,clear,13.9,4,2,0.5,1
Z05,14.17,S,autumn,cloudy,23,4,2,0.5,5
Z01,11.94,E,summer,cloudy,24.7,2,2,1,5
Z07,16.07,NE,spring,rain,12.7,3,2,0.667,5
Z08,22.07,NW,summer,rain,18.9,3,1,0.333,8
Z04,2.16,NW,winter,rain,9.2,4,4,1,0
Z03,10.79,S,summer,rain,13.3,3,1,0.333,9
Z02,19.39,S,winter,clear,22.2,4,4,1,4
Z06,8.36,SE,summer,clear,13.9,3,2,0.667,2
Z02,1.43,NE,summer,clear,17.9,2,1,0.5,0
Z03,8.89,NW,winter,rain,18.7,4,2,0.5,1
Z03,6.72,SE,autumn,rain,17.2,3,2,0.667,2
Z08,7.6,E,summer,rain,13.7,4,4,1,2
Z06,16.35,S,winter,clear,16.5,2,1,0.5,5
Z04,23.42,NW,summer,clear,25.4,2,1,0.5,8
Z05,17.74,N,autumn,clear,19.4,3,1,0.333,5
Z07,20.12,SE,summer,clear,33.1,2,1,0.5,5
Z08,5.27,S,summer,clear,15.9,4,4,1,1
Z06,11.59,N,autumn,rain,3,2,2,1,4
Z03,17.06,NW,spring,cloudy,22.8,4,3,0.75,2
Z02,7.54,S,summer,clear,3,3,2,0.667,2
Z01,12.07,NE,summer,rain,23.8,2,2,1,7
Z01,0,NW,summer,cloudy,36.9,2,2,1,0
Z08,9.32,SE,autumn,clear,29.2,3,2,0.667,3
Z03,6.26,SE,summer,cloudy,11.2,2,0,0,1
Z07,8.88,N,spring,rain,25.5,3,1,0.333,4
Z01,18.66,E,spring,rain,15.9,3,1,0.333,11
Z01,27.44,N,autumn,clear,3,3,1,0.333,13
Z08,12.17,NE,summer,clear,12.1,4,2,0.5,4
Z06,8.67,SE,winter,clear,4.5,4,3,0.75,0
Z05,17.64,NE,spring,rain,29.6,2,1,0.5,9
Z05,15.46,NW,summer,rain,11.6,3,2,0.667,9
Z03,18.26,SE,winter,clear,22.8,4,4,1,4
Z08,11.99,E,spring,cloudy,32.2,3,2,0.667,2
Z01,6.51,W,summer,fog,22.4,3,0,0,6
Z03,19.59,NW,spring,rain,32.4,2,0,0,12
Z07,19.43,SE,winter,clear,3,4,4,1,5
Z01,9.5,SW,autumn,rain,41.5,3,1,0.333,4
Z01,0.01,NW,winter,rain,27.9,4,4,1,0
Z07,14.33,N,summer,snow,41.9,3,1,0.333,7
Z02,10.02,S,spring,fog,34,4,2,0.5,3
Z01,17.15,SW,autumn,clear,13.2,3,2,0.667,5
Z05,20.15,SW,summer,clear,13.6,3,2,0.667,10
Z05,13.32,S,autumn,clear,18.3,2,2,1,9
Z08,11.39,NW,summer,clear,28.2,2,2,1,1
Z02,13.66,SW,spring,clear,9.4,2,1,0.5,2
Z04,0,NW,winter,clear,14.6,4,3,0.75,0
Z03,11.93,NE,autumn,cloudy,31.7,2,1,0.5,2
Z06,0.85,NW,autumn,rain,8.7,4,2,0.5,0
Z06,10.8,E,summer,clear,35.4,2,0,0,2
Z07,21.41,E,summer,clear,9.6,2,1,0.5,4
Z04,18.2,SE,autumn,clear,27.1,4,4,1,9
Z04,16.16,E,spring,clear,16.6,3,2,0.667,1
Z06,13.67,E,spring,clear,4.1,3,3,1,5
Z01,13.84,E,summer,clear,29.6,3,2,0.667,7
Z06,19.7,W,summer,rain,16.9,4,3,0.75,10
Z07,14.49,NW,summer,cloudy,8,2,2,1,4
Z06,19.81,S,spring,clear,16.8,3,2,0.667,6
Z01,14.31,E,summer,rain,37.9,4,2,0.5,13
Z04,11.74,NE,summer,cloudy,27.1,3,1,0.333,3
Z07,5.51,E,summer,rain,26.4,3,2,0.667,1
Z04,9.57,S,summer,clear,28.9,2,0,0,1
Z07,17.09,NW,summer,rain,18.7,3,0,0,5
Z01,7.08,SE,spring,rain,5.8,4,4,1,6
Z08,13.62,W,winter,clear,25.4,4,2,0.5,4
Z03,9.41,SE,summer,fog,14.4,2,2,1,3
Z04,11.95,S,autumn,clear,20.9,3,1,0.333,6
Z02,8.47,NW,summer,rain,9.4,3,2,0.667,4
Z03,19.35,N,spring,clear,28.1,4,2,0.5,5
Z02,12.65,SW,winter,clear,14.8,3,3,1,2
Z05,9.65,NW,spring,clear,18.8,2,0,0,2
Z06,13.42,SW,summer,clear,32.6,3,2,0.667,9
Z02,9.99,W,autumn,clear,24.3,4,3,0.75,3
Z01,15.76,NW,winter,clear,24.2,2,0,0,5
Z07,0,N,spring,snow,26,4,3,0.75,0
Z08,18.95,SW,autumn,clear,40.3,3,0,0,9
Z01,14.72,N,winter,snow,11.6,2,1,0.5,4
Z04,0,NE,autumn,clear,22,2,2,1,0
Z06,12.95,NE,spring,clear,23.3,2,1,0.5,3
Z06,14.84,NW,spring,clear,11.4,2,1,0.5,5
Z02,16.47,NW,spring,cloudy,4.5,2,1,0.5,7
Z07,18.89,NE,winter,clear,11.9,3,3,1,5
Z08,10.33,SE,spring,cloudy,13.3,3,2,0.667,1
Z01,5.83,NE,spring,rain,10,4,3,0.75,1
Z01,19.17,W,winter,rain,12.1,3,3,1,8
Z02,1.64,S,spring,clear,12.5,4,3,0.75,0
Z08,22.9,S,summer,clear,10.1,3,2,0.667,4
Z08,24.21,NW,winter,clear,9.5,3,1,0.333,4
Z02,31.43,NW,spring,snow,29,2,1,0.5,18
Z07,15.34,E,summer,rain,9.9,3,1,0.333,10
Z01,16.04,SE,summer,rain,17.5,3,2,0.667,11
Z04,25.34,NE,summer,rain,19.6,3,3,1,10
Z04,19.7,E,autumn,clear,12.8,4,3,0.75,7
Z07,0,E,spring,rain,22.2,2,1,0.5,0
Z08,15.52,NW,autumn,clear,14.1,4,1,0.25,3
Z02,8.28,S,winter,cloudy,23.8,4,2,0.5,4
Z03,18.87,SE,winter,rain,27.5,3,2,0.667,15
Z04,19.41,NE,summer,cloudy,25,3,3,1,5
Z08,12.44,N,summer,rain,28.9,2,1,0.5,4
Z02,21.19,SW,winter,clear,6.5,4,4,1,2
Z02,15.43,N,autumn,clear,26.9,2,0,0,7
Z04,9.07,N,spring,rain,21.6,2,2,1,6
Z01,0,NW,autumn,cloudy,9.5,2,2,1,0
Z06,12.04,N,winter,cloudy,22.5,3,3,1,4
Z05,14.26,S,autumn,clear,23.6,3,2,0.667,4
Z08,10.87,W,spring,clear,25.8,3,2,0.667,1
Z01,10.45,N,autumn,clear,29.5,2,1,0.5,5
Z05,14,NE,spring,clear,38.1,3,2,0.667,3
Z01,1.8,SE,autumn,rain,22.3,4,1,0.25,1
Z03,13.79,S,spring,clear,19.2,4,3,0.75,8
Z02,14.17,E,spring,snow,33.5,2,1,0.5,7
Z02,19.65,W,spring,rain,11.8,3,2,0.667,10
Z01,9.95,NW,spring,fog,32.5,3,1,0.333,6
Z01,8.78,SW,autumn,rain,26.4,3,1,0.333,6
Z04,4.8,SE,summer,cloudy,16,3,2,0.667,0
Z06,1.22,NE,spring,snow,10.2,2,1,0.5,1
Z07,19.36,W,autumn,clear,25,4,2,0.5,10
Z05,16.02,SW,summer,clear,31.8,4,3,0.75,5
Z06,6.81,SW,autumn,clear,19.1,3,2,0.667,3
Z07,7.38,SW,winter,clear,22.4,4,3,0.75,2
Z07,10.9,NE,summer,cloudy,21.1,3,2,0.667,4
Z03,4.28,SE,winter,rain,36.7,2,2,1,2
Z01,18.25,N,spring,cloudy,14.6,3,3,1,11
Z02,16.47,N,spring,rain,23.7,3,2,0.667,8
Z01,11.8,NE,spring,clear,18.7,4,2,0.5,5
Z01,15.78,W,spring,cloudy,29.7,3,2,0.667,6
Z04,13.15,SE,autumn,rain,3,3,3,1,5
Z06,1.04,W,winter,rain,29.1,4,3,0.75,0
Z05,16.09,W,spring,rain,19,2,0,0,15
Z01,18.08,SW,autumn,cloudy,39.1,2,1,0.5,6
Z07,9.51,N,autumn,fog,21,2,1,0.5,3
Z07,16.67,E,winter,cloudy,19.5,4,2,0.5,3
Z03,0,W,winter,rain,10.8,3,2,0.667,0
Z05,3.26,NE,spring,clear,31.5,2,2,1,1
Z04,12.64,S,autumn,cloudy,22.5,3,1,0.333,1
Z03,4.18,N,winter,rain,21.6,2,2,1,3
Z04,10.06,E,summer,clear,21.7,3,2,0.667,5
Z05,6.54,E,spring,snow,21.3,2,1,0.5,1
Z01,28.96,N,autumn,clear,29.8,4,3,0.75,13
Z07,12.37,N,spring,clear,37.4,4,2,0.5,4
Z03,0,SW,summer,clear,9.5,3,1,0.333,0
Z01,7.85,SE,winter,cloudy,5.2,2,2,1,1
Z02,15.28,S,autumn,cloudy,9.8,2,1,0.5,2
Z08,6,W,summer,rain,18.4,3,2,0.667,0
Z07,15.01,NW,autumn,clear,26.3,3,2,0.667,3
Z06,20.33,SE,autumn,cloudy,18.2,2,1,0.5,6
Z06,16.22,NE,spring,rain,18.8,3,3,1,9
Z04,26.9,E,winter,clear,21.2,3,2,0.667,12
Z08,11.95,NW,winter,clear,21.3,2,2,1,3
Z05,9.46,E,summer,snow,21.7,4,1,0.25,4
Z02,9.34,W,summer,clear,14.3,2,1,0.5,3
Z02,18.32,NW,summer,clear,23.2,4,3,0.75,7
Z05,14.82,NE,spring,cloudy,14.2,3,0,0,0
Z05,8.83,N,autumn,clear,20.5,2,2,1,4
Z04,10.48,S,autumn,clear,17.2,4,3,0.75,4
Z04,10.97,NW,summer,clear,21.3,4,2,0.5,5
Z04,23.95,NE,autumn,clear,17.1,2,1,0.5,5
Z08,12.61,SW,winter,clear,26.7,3,3,1,1
Z05,11.78,NE,autumn,cloudy,26.8,4,3,0.75,5
Z08,4.48,E,summer,clear,28.9,2,0,0,1
Z08,2.12,E,summer,clear,38.7,2,1,0.5,1
Z02,7.09,NW,winter,rain,4.8,3,2,0.667,2
Z08,21.08,NW,summer,clear,9.5,4,2,0.5,4
Z05,12.22,N,autumn,clear,10.5,2,1,0.5,1
Z01,11.27,S,spring,rain,9.5,2,2,1,5
Z03,10.81,NE,autumn,clear,24.4,4,1,0.25,1
Z02,18.19,N,autumn,cloudy,39.8,4,2,0.5,4
Z07,13.86,SW,summer,clear,27.1,4,4,1,2
Z01,17.26,SE,autumn,clear,16.2,3,2,0.667,10
Z03,9.87,NW,spring,clear,26.2,3,2,0.667,3
Z01,9.03,E,autumn,clear,25.1,3,3,1,2
Z08,10,N,autumn,rain,36,2,1,0.5,4
Z03,13.34,S,spring,rain,17.9,4,2,0.5,2
Z08,16.06,NW,summer,clear,9.4,4,2,0.5,6
Z07,15.77,NW,spring,cloudy,15.7,3,3,1,6
Z08,13.34,SW,summer,fog,28,3,1,0.333,3
Z08,22.59,NE,spring,clear,45.5,3,0,0,14
Z03,11.72,NE,winter,clear,19.4,3,1,0.333,6
Z02,12.7,N,winter,rain,4.3,3,2,0.667,3
Z08,18.04,W,summer,clear,25.2,4,3,0.75,8
Z01,9.73,SW,autumn,clear,15.5,4,3,0.75,1
Z04,14.83,NE,winter,clear,15.3,3,3,1,5
Z05,6.39,W,spring,clear,6.5,2,2,1,1
Z04,12.02,NW,spring,clear,23.9,2,1,0.5,2
Z06,4.45,S,summer,clear,14.3,2,1,0.5,3
Z03,16.01,E,spring,clear,20.2,3,1,0.333,5
Z04,11.03,SW,spring,snow,22,3,2,0.667,3
Z06,8.46,E,summer,clear,25.7,2,1,0.5,2
Z03,12.01,W,summer,cloudy,22,4,3,0.75,3
Z03,14.39,NW,autumn,clear,31.8,3,2,0.667,5
Z08,25.04,N,summer,clear,28.3,2,1,0.5,9
Z01,15.57,W,winter,clear,3,3,1,0.333,7
Z01,8.79,SE,spring,clear,20.7,4,4,1,2
Z06,7.62,SW,summer,rain,16.8,4,2,0.5,8
Z08,0,E,winter,clear,33,3,3,1,0
Z08,6.51,S,autumn,clear,41,3,3,1,4
Z03,4.29,SE,summer,clear,13.8,3,1,0.333,0
Z08,13.46,W,summer,clear,30.2,2,2,1,6
Z02,15.67,N,spring,clear,7.1,2,1,0.5,3
Z03,12.12,SE,summer,fog,36.6,4,2,0.5,3
Z07,18.77,S,summer,clear,30.5,4,3,0.75,6
Z01,12.16,S,spring,cloudy,19,2,1,0.5,2
Z02,12.08,W,autumn,cloudy,23,4,2,0.5,2
Z05,20.3,W,spring,rain,7.5,2,2,1,5
Z06,17.99,NE,winter,clear,18.8,2,2,1,11
Z01,20.66,N,summer,clear,22.7,3,3,1,8
Z08,15.56,S,summer,rain,25.1,2,1,0.5,5
Z05,10.67,SE,summer,rain,22.9,2,1,0.5,9
Z04,17.03,NW,summer,clear,37.3,2,1,0.5,1
Z06,3.22,S,spring,clear,22.7,3,1,0.333,0
Z01,5.89,S,summer,cloudy,20.5,4,3,0.75,0
Z08,3.99,S,summer,clear,5.5,3,3,1,0
Z02,14.8,NW,autumn,cloudy,3.6,3,1,0.333,1
Z03,8.28,NE,summer,rain,14.4,4,3,0.75,5
Z07,23.3,E,autumn,clear,18.1,4,3,0.75,5
Z02,6.61,W,winter,fog,23,2,1,0.5,2
Z06,1.03,S,summer,clear,7.2,4,4,1,0
Z04,4.25,NE,summer,cloudy,26.2,4,1,0.25,1
Z04,13.69,NE,summer,clear,27.4,4,4,1,4
Z06,13.05,E,summer,cloudy,37.6,3,2,0.667,6
Z05,14.08,E,summer,rain,19.2,4,1,0.25,2
Z05,26.1,SW,summer,rain,13.8,2,1,0.5,12
Z05,18.31,S,spring,clear,6.6,4,3,0.75,3
Z08,15.38,E,summer,clear,25.1,3,3,1,1
Z04,18.49,SE,winter,rain,13.2,4,3,0.75,6
Z04,20.47,E,spring,cloudy,29.2,4,1,0.25,5
Z05,19.67,NW,summer,rain,29.3,3,1,0.333,19
Z05,10.84,E,summer,clear,10.9,3,1,0.333,6
Z03,21.06,N,spring,clear,14.3,4,3,0.75,4
Z07,12.82,NE,autumn,fog,25,3,0,0,6
Z08,11.58,NE,summer,clear,35.6,3,2,0.667,2
Z06,5.91,W,autumn,clear,3,4,4,1,3
Z04,10.7,N,autumn,cloudy,16.7,3,2,0.667,1
Z01,9.09,NW,autumn,cloudy,24.6,3,3,1,1
Z08,7.82,W,autumn,clear,3.7,3,2,0.667,2
Z04,4.11,SW,spring,rain,36.6,4,3,0.75,3
Z03,15.59,NW,spring,rain,6.1,2,2,1,8
Z08,10.01,NW,summer,cloudy,16.3,2,2,1,3
Z05,11.01,NW,summer,clear,26.7,2,2,1,4
Z01,21.51,N,winter,clear,22.9,4,1,0.25,9
Z06,8.72,E,summer,rain,24,2,1,0.5,3
Z01,11.04,SE,summer,snow,10.3,3,3,1,2
Z01,11.33,SW,spring,clear,28.9,3,3,1,0
Z04,16.64,NW,autumn,cloudy,39.3,3,3,1,3
Z05,8.36,SW,summer,cloudy,25.3,3,2,0.667,2
Z07,18.84,S,summer,rain,20.5,2,1,0.5,6
Z01,10.9,NE,autumn,clear,25.2,2,0,0,4
Z02,12.66,S,summer,clear,24,3,2,0.667,2
Z01,0.84,NE,autumn,cloudy,19.8,3,2,0.667,0
Z06,10.79,S,spring,cloudy,13.7,3,3,1,0
Z04,11.96,W,summer,clear,19.1,3,2,0.667,5
Z01,11.88,W,winter,rain,10.1,3,1,0.333,6
Z04,18.92,SW,autumn,fog,3,4,3,0.75,3
Z01,21.45,S,autumn,clear,19.2,3,3,1,8
Z01,1.33,N,winter,clear,20.7,4,2,0.5,1
Z03,19.25,NW,autumn,clear,9.9,3,2,0.667,5
Z07,15.44,NW,autumn,rain,21.7,3,1,0.333,12
Z07,19.91,N,autumn,clear,33.8,3,2,0.667,3
Z01,20.03,W,summer,clear,10.7,3,2,0.667,9
Z04,7.52,NE,summer,cloudy,29.3,3,3,1,1
Z08,14.08,E,summer,cloudy,33.5,4,3,0.75,12
Z06,18.32,W,summer,rain,22,4,3,0.75,9
Z08,14.71,N,winter,clear,20.3,4,3,0.75,4
Z08,17.59,SE,autumn,clear,29.7,2,0,0,6
Z07,16.48,SE,summer,cloudy,24.5,3,2,0.667,4
Z03,2.88,E,summer,clear,5.6,3,3,1,0
Z01,19.02,E,spring,rain,18.4,4,2,0.5,6
Z06,1.81,SE,autumn,clear,20.9,3,2,0.667,0
Z02,13.17,S,winter,cloudy,12.8,3,3,1,4
Z07,11.92,NE,autumn,cloudy,25,2,1,0.5,6
Z05,13.21,E,spring,clear,14.3,3,3,1,1
Z07,24.17,W,spring,rain,34.5,2,2,1,17
Z07,20.43,S,winter,rain,18.4,2,2,1,8
Z02,12.32,NE,spring,rain,12.7,4,2,0.5,4
Z08,24.17,SW,spring,clear,27.8,4,3,0.75,8
Z03,20.37,SW,autumn,rain,16.8,2,1,0.5,10
Z03,8.75,NW,autumn,clear,23.2,4,4,1,2
Z04,9.45,NE,spring,cloudy,3,4,4,1,3
Z07,0,N,autumn,snow,21,4,2,0.5,0
Z01,4.36,NE,winter,clear,23.4,4,1,0.25,2
Z02,17.06,W,spring,clear,33.5,3,2,0.667,6
Z04,14.41,S,summer,cloudy,20.4,2,1,0.5,6
Z03,3.23,NW,spring,clear,19.8,4,3,0.75,1
Z06,17.16,S,autumn,clear,24.4,4,2,0.5,2
Z04,8.73,SW,autumn,clear,25.6,4,3,0.75,3
Z05,0,E,spring,clear,35.4,3,2,0.667,0
Z07,9.56,SE,summer,clear,29,4,3,0.75,4
Z02,19.72,S,winter,cloudy,3,2,2,1,4
Z02,18.69,SE,winter,clear,11.4,3,2,0.667,4
Z04,14.3,W,autumn,cloudy,14.6,2,2,1,1
Z01,5.53,SE,winter,cloudy,11.6,4,2,0.5,2
Z04,15.3,NW,spring,rain,19.7,2,1,0.5,6
Z07,25.59,SW,winter,snow,29.9,2,2,1,15
Z05,0,S,summer,snow,22.8,3,0,0,0
Z08,13.79,SW,autumn,rain,13.2,3,3,1,9
Z08,14.21,SW,autumn,clear,7.5,4,1,0.25,1
Z06,12.78,N,spring,clear,19.9,2,1,0.5,2
Z07,14.81,NE,summer,clear,15.6,3,3,1,4
Z01,13.73,SW,spring,fog,36.3,2,1,0.5,2
Z01,5.89,SW,spring,clear,3,2,2,1,0
Z01,19.21,E,winter,cloudy,20.9,4,2,0.5,12
Z06,4.89,NE,winter,rain,28,4,4,1,1
Z02,13.68,SW,spring,rain,12.8,3,1,0.333,6
Z08,10.47,W,winter,rain,17.9,2,2,1,8
Z04,1.07,NE,spring,snow,25.4,3,3,1,0
Z04,21.7,W,autumn,cloudy,14.4,2,1,0.5,8
Z03,6.74,S,spring,cloudy,9.2,4,2,0.5,1
Z01,0,SW,spring,clear,47.9,2,1,0.5,0
Z06,3.43,N,summer,snow,17.3,4,2,0.5,0
Z02,21.73,SE,autumn,rain,19.6,3,1,0.333,18
Z08,10.87,SE,spring,clear,30,4,3,0.75,4
Z04,18.75,NW,summer,clear,25.1,2,1,0.5,6
Z04,0.62,S,autumn,clear,23.5,3,1,0.333,0
Z05,17.12,N,winter,clear,3,2,2,1,2
Z08,9.23,E,autumn,rain,27.4,2,1,0.5,3
Z06,12.65,SW,winter,clear,27.7,3,1,0.333,2
Z03,10.77,S,autumn,rain,20.5,2,2,1,3
Z02,19.33,SE,autumn,snow,8.6,4,3,0.75,8
Z01,16,NW,summer,clear,18,2,1,0.5,4
Z08,9.16,SW,summer,clear,24.6,2,1,0.5,2
Z02,13.7,N,spring,rain,12.1,3,1,0.333,5
Z04,14.85,E,winter,clear,18.4,3,1,0.333,8
Z04,12.94,NE,autumn,clear,26.1,4,2,0.5,3
Z06,7.96,N,summer,cloudy,17.2,4,4,1,4
Z02,6.67,E,winter,cloudy,15.2,2,1,0.5,2
Z01,16.01,W,winter,rain,3,4,1,0.25,4
Z08,13.44,N,summer,clear,5,4,3,0.75,2
Z04,13.79,SE,spring,rain,28.2,2,1,0.5,10
Z04,22.51,W,winter,cloudy,19.8,2,1,0.5,7
Z06,15.7,E,spring,rain,15.9,2,2,1,5
Z02,4.51,SE,spring,clear,19.2,4,3,0.75,0
Z03,14.43,SW,winter,clear,3,3,1,0.333,4
Z01,11.04,NE,spring,rain,22.6,2,1,0.5,5
Z07,0,E,autumn,clear,23.9,2,1,0.5,0
Z03,13.25,NW,winter,rain,36.4,4,3,0.75,5
Z04,27.9,SW,spring,snow,12.9,3,2,0.667,8
Z04,7.21,NW,autumn,clear,20.5,4,1,0.25,0
Z04,21.24,SE,summer,clear,10.7,3,3,1,4
Z06,19.18,W,spring,clear,17.7,3,1,0.333,7
Z06,8.48,SE,summer,snow,30.7,3,2,0.667,3
Z06,18.32,S,summer,cloudy,37.2,4,2,0.5,9
Z03,20.48,NW,summer,snow,17.4,3,1,0.333,6
Z02,7.89,N,summer,cloudy,23.6,4,4,1,3
Z07,9.25,N,spring,rain,16.8,4,3,0.75,2
Z05,8.73,NE,summer,cloudy,18.7,3,2,0.667,0
Z01,11.62,N,spring,cloudy,12,3,3,1,2
Z05,20.32,NW,summer,clear,30.8,4,3,0.75,9
Z08,4.98,N,summer,snow,11.2,3,2,0.667,0
Z07,12.57,N,autumn,clear,24,3,3,1,1
Z05,17.06,SE,summer,rain,27.9,2,1,0.5,11
Z06,4.98,W,autumn,cloudy,36.6,3,3,1,2
Z03,3.05,N,autumn,clear,17.7,4,3,0.75,0
Z01,7.03,NW,autumn,fog,14,2,1,0.5,2
Z01,11.08,SW,spring,clear,6.7,2,1,0.5,1
Z06,26.16,SW,autumn,snow,27.4,2,1,0.5,16
Z08,32.41,S,autumn,clear,22.1,2,1,0.5,14
Z06,18.08,S,summer,rain,28,4,3,0.75,10
Z04,20.24,N,spring,clear,19.9,4,3,0.75,5
Z08,19.42,SE,spring,rain,10.8,2,2,1,7
Z06,13.63,E,summer,clear,3,3,2,0.667,1
Z07,18.76,W,autumn,rain,24.1,2,1,0.5,6
Z01,22.71,NE,autumn,cloudy,25.3,3,1,0.333,6
Z06,16.71,NW,summer,rain,33.2,3,1,0.333,8
Z08,16.42,NW,winter,clear,6.6,3,1,0.333,5
Z05,11.15,NE,autumn,rain,9.3,4,3,0.75,6
Z02,13.06,NW,summer,clear,3.5,2,2,1,2
Z02,9.27,SW,winter,rain,10.8,4,3,0.75,4
Z05,0.15,E,summer,clear,9.6,3,2,0.667,0
Z05,15.27,W,summer,clear,3,2,1,0.5,1
Z04,16.23,W,autumn,snow,23.1,2,1,0.5,1
Z02,15.74,NW,summer,rain,23.9,3,1,0.333,6
Z07,23.48,SW,spring,clear,14,2,1,0.5,7
Z05,5.62,N,summer,clear,14,2,1,0.5,0
Z02,22.91,NW,autumn,rain,17,3,2,0.667,21
Z05,4.96,SW,autumn,clear,13.8,4,3,0.75,3
Z01,18.92,NE,autumn,snow,3.2,3,1,0.333,7
Z01,16.14,NE,spring,cloudy,29.4,2,1,0.5,10
Z08,5.22,W,winter,rain,14.2,2,1,0.5,2
Z04,14.16,N,spring,rain,45.2,4,2,0.5,18
Z07,9.99,W,spring,clear,34.2,2,1,0.5,4
Z02,8.25,S,autumn,fog,9.2,4,2,0.5,2
Z07,9.65,SE,spring,snow,8.7,4,2,0.5,3
Z07,9.11,N,spring,rain,23.8,3,1,0.333,5
Z05,25.78,NW,autumn,clear,24.5,4,2,0.5,7
Z01,22.72,SE,winter,clear,3,3,2,0.667,4
Z07,12.65,SE,winter,rain,19.4,2,2,1,5
Z04,15.55,E,spring,fog,20.8,3,1,0.333,1
Z05,0,SE,winter,cloudy,42.1,3,2,0.667,0
Z06,12.62,NW,summer,cloudy,17.5,3,1,0.333,5
Z02,10.95,S,winter,snow,21.9,2,2,1,9
Z06,21.95,E,summer,clear,18.7,3,3,1,4
Z07,20.71,E,autumn,fog,44.5,3,1,0.333,4
Z05,14.35,S,winter,clear,19.1,3,2,0.667,2
Z03,12.12,NE,autumn,rain,23.2,2,0,0,6
Z03,17.46,NE,autumn,rain,3,2,2,1,5
Z03,13.38,S,spring,clear,14.9,2,1,0.5,0
Z02,11.25,NE,autumn,rain,22.9,2,2,1,2
Z01,9.14,N,autumn,rain,3,3,1,0.333,4
Z05,9.55,SE,winter,clear,30.8,3,2,0.667,1
Z07,19.14,NW,summer,clear,34.3,4,2,0.5,4
Z08,15.56,W,spring,clear,14.3,2,1,0.5,4
Z04,4.11,W,autumn,clear,29.8,3,2,0.667,0
Z06,13.17,NW,autumn,clear,33.7,2,1,0.5,2
Z02,9.15,SW,spring,clear,19.8,2,2,1,1
Z03,14.23,N,summer,clear,31.8,2,1,0.5,5
Z05,21.75,SW,winter,cloudy,25,4,2,0.5,4
Z08,9.59,E,summer,clear,12,4,2,0.5,3
Z02,8.89,W,autumn,rain,3.2,3,1,0.333,7
Z06,25.74,SW,winter,cloudy,4.2,2,1,0.5,3
Z03,13.59,N,autumn,clear,8.6,3,3,1,6
Z04,9.42,S,autumn,clear,23.1,3,2,0.667,4
Z05,15.85,W,summer,clear,10,4,2,0.5,2
Z03,13.97,S,autumn,rain,25.2,4,1,0.25,7
Z01,0,E,winter,cloudy,32.1,4,3,0.75,0
Z03,11.25,E,summer,clear,18.3,3,2,0.667,5
Z01,13.45,W,spring,fog,11.7,3,0,0,5
Z02,10.27,E,summer,rain,30.3,2,1,0.5,4
Z03,10.84,S,autumn,clear,29.7,3,2,0.667,3
Z03,14.74,NE,summer,rain,39.4,4,3,0.75,6
Z06,9.64,N,autumn,rain,24.9,3,2,0.667,2
Z02,6.95,W,winter,clear,31.3,4,1,0.25,0
Z02,7.15,SW,summer,clear,28.5,2,2,1,2
Z08,4.01,NW,spring,clear,11.8,4,2,0.5,2
Z07,8.72,NW,spring,clear,26.3,4,2,0.5,2
Z07,17.2,W,summer,clear,15.2,4,3,0.75,9
Z04,12.2,W,autumn,cloudy,21.9,2,1,0.5,1
Z07,8.45,N,autumn,clear,12.8,3,3,1,3
Z06,3.73,NE,autumn,snow,5.8,3,2,0.667,2
Z03,7.59,S,summer,clear,3.8,3,1,0.333,3
Z02,4.28,E,winter,fog,25,2,1,0.5,0
Z03,5.59,SW,spring,cloudy,15.3,3,3,1,1
Z08,0,SW,summer,clear,11.6,2,1,0.5,0
Z05,7.34,S,winter,clear,18.4,3,0,0,2
Z06,0,N,autumn,rain,34.1,2,0,0,0
Z01,17.31,N,summer,cloudy,8.6,2,1,0.5,9
Z07,1.39,S,autumn,clear,5.3,4,4,1,0
Z02,9.34,N,autumn,cloudy,22.3,4,3,0.75,2
Z01,17.63,E,autumn,clear,44,2,1,0.5,4
Z01,26.46,E,summer,clear,24.7,2,2,1,10
Z08,14.85,S,spring,clear,19.7,3,2,0.667,6
Z01,16.91,NE,spring,rain,6.1,4,4,1,7
Z03,3.79,S,summer,fog,15,2,2,1,2
Z05,15.62,N,winter,clear,36.5,3,1,0.333,5
Z02,0,N,spring,clear,3,4,2,0.5,0
Z01,12.71,SE,winter,clear,23.8,2,2,1,7
Z01,7.73,SE,autumn,clear,21.2,3,2,0.667,1
Z05,13.25,NW,spring,cloudy,26.9,2,2,1,3
Z07,18.46,E,winter,clear,22.8,3,2,0.667,7
Z03,0,E,summer,clear,17,2,2,1,0
Z04,0,NW,summer,clear,22.8,4,3,0.75,0
Z03,0.56,W,winter,clear,33.8,3,2,0.667,0
Z05,9.18,N,winter,clear,26.2,2,1,0.5,2
Z02,20.6,NW,winter,clear,20.9,2,1,0.5,7
Z08,15.36,W,autumn,clear,18.4,2,1,0.5,5
Z02,24.87,W,autumn,fog,19.8,2,1,0.5,11
Z01,12.98,E,summer,clear,28.4,3,1,0.333,5
Z05,6.37,N,spring,clear,15.2,2,2,1,1
Z02,22.28,SW,spring,clear,16.8,3,2,0.667,5
Z04,15.38,SW,autumn,snow,16,4,1,0.25,8
Z03,25.7,SE,autumn,cloudy,15.5,3,1,0.333,5
Z03,18.8,SW,summer,clear,22,4,2,0.5,8
Z06,16.54,NE,autumn,clear,18.5,3,1,0.333,5
Z04,16.06,N,autumn,clear,28.9,4,1,0.25,5
Z08,12.81,NE,summer,fog,18.5,2,1,0.5,5
Z08,4.87,NE,summer,clear,19.8,3,3,1,0
Z05,11.52,E,spring,cloudy,21.1,4,3,0.75,2
Z08,9.88,SW,summer,clear,37,3,2,0.667,5
Z08,10.36,E,winter,snow,17.9,2,1,0.5,4
Z07,8.07,SE,summer,clear,34.7,2,2,1,2
Z03,21,E,autumn,snow,22.1,2,1,0.5,3
Z01,8.42,S,autumn,rain,20.7,3,2,0.667,2
Z01,31.15,N,autumn,rain,3,4,3,0.75,12
Z08,15.42,SE,autumn,clear,6.8,2,1,0.5,8
Z02,14.98,S,summer,rain,15.9,2,2,1,7
Z01,19.35,SW,summer,clear,21.2,4,3,0.75,7
Z07,0,SE,spring,clear,18,2,1,0.5,0
Z01,15.12,NE,summer,clear,21.3,4,1,0.25,8
Z02,4.26,S,winter,rain,30.8,2,1,0.5,3
Z07,13.7,SE,winter,cloudy,13,4,1,0.25,7
Z03,10.5,NW,winter,clear,16.2,4,1,0.25,1
Z01,13.69,W,summer,cloudy,21,2,2,1,8
Z05,14.31,S,spring,clear,17.1,3,0,0,2
Z02,13.77,S,winter,cloudy,26.4,3,2,0.667,1
Z01,18.08,NE,summer,clear,17.5,4,4,1,8
Z06,23.91,W,summer,cloudy,20.3,2,1,0.5,9
Z02,7.91,SW,spring,clear,3,3,1,0.333,0
Z07,8.92,N,winter,rain,27.4,4,2,0.5,3
Z02,8.78,NW,summer,cloudy,7.9,4,4,1,3
Z08,0,SE,winter,clear,7.4,2,1,0.5,0
Z08,8.69,W,spring,clear,7.5,4,3,0.75,2
Z07,0,S,autumn,clear,17.4,3,2,0.667,0
Z01,20.31,S,autumn,rain,20.3,2,2,1,8
Z04,19.73,N,winter,clear,20.4,3,2,0.667,10
Z03,9.54,SW,spring,fog,13.3,4,3,0.75,2
Z01,22.45,SE,summer,rain,6.2,4,4,1,10
Z07,18.6,NE,autumn,clear,20.8,2,1,0.5,8
Z08,14.59,SE,winter,clear,25.5,4,2,0.5,5
Z01,8.84,NE,summer,clear,21.4,3,3,1,7
Z01,13.01,S,winter,clear,7.2,2,0,0,4
Z07,21.51,SW,autumn,rain,12.5,2,2,1,12
Z06,11.5,N,summer,clear,30.6,4,3,0.75,8
Z07,13.74,E,summer,clear,9.5,2,1,0.5,2
Z05,13.64,NW,autumn,clear,19.4,3,1,0.333,4
Z04,19.75,SE,summer,cloudy,8.5,2,1,0.5,7
Z01,8.27,NW,spring,clear,21.9,4,3,0.75,3
Z03,2.43,NW,spring,rain,22.1,2,2,1,2
Z07,13.45,SW,winter,clear,23.3,4,1,0.25,4
Z05,17.73,E,autumn,clear,3,2,1,0.5,5
Z04,11.99,SE,autumn,clear,23.2,3,1,0.333,2
Z08,14.68,W,summer,clear,26.3,4,1,0.25,4
Z08,0,S,autumn,cloudy,37,2,2,1,0
Z06,12.23,NW,summer,clear,14.8,4,4,1,3
Z03,5.73,SW,summer,rain,46.7,3,2,0.667,1
Z05,6.58,N,autumn,rain,27.2,4,3,0.75,3
Z01,0,N,summer,clear,21.9,4,3,0.75,0
Z01,16.55,N,summer,clear,24.8,2,2,1,3
Z08,15.08,NW,spring,clear,7.4,2,1,0.5,4
Z08,0,NW,autumn,cloudy,15.2,3,3,1,0
Z01,6.3,W,summer,rain,34,2,1,0.5,5
Z07,21.59,NE,summer,clear,13,3,3,1,3
Z02,17.32,SE,autumn,snow,33.2,4,1,0.25,12
Z05,19.21,W,summer,clear,7.8,3,3,1,9
Z01,7.55,W,autumn,rain,21.2,4,3,0.75,4
Z01,28.45,N,autumn,clear,25.2,3,1,0.333,16
Z08,17.95,SW,summer,clear,25.8,4,2,0.5,7
Z07,14.32,N,winter,clear,30.2,2,1,0.5,2
Z06,19.39,N,autumn,clear,12.3,3,2,0.667,6
Z04,13.39,NW,autumn,clear,22.6,3,2,0.667,7
Z05,8.73,E,spring,clear,12.6,3,2,0.667,4
Z06,12.55,W,summer,cloudy,24.8,2,2,1,2
Z08,16.36,SW,winter,cloudy,20.2,4,1,0.25,7
Z05,18.93,S,summer,clear,11.3,4,2,0.5,2
Z06,22.37,NE,summer,cloudy,30.9,2,0,0,17
Z04,11.52,SE,autumn,clear,11.7,2,2,1,2
Z06,16.7,E,winter,clear,11.7,4,4,1,4
Z06,8.32,N,autumn,rain,19.8,2,0,0,7
Z03,22.22,NW,winter,clear,12.2,4,3,0.75,6
Z05,9.42,SW,spring,clear,3.7,3,1,0.333,3
Z04,20.65,SW,winter,clear,13.9,3,1,0.333,6
Z08,4.35,SE,autumn,clear,26,2,1,0.5,1
Z03,4.85,NW,summer,rain,33.7,4,2,0.5,1
Z02,24.75,SW,winter,clear,29.8,2,1,0.5,7
Z05,15.41,SW,summer,snow,20.8,4,1,0.25,11
Z05,14.71,SE,spring,clear,8.1,3,1,0.333,1
Z03,11.66,E,autumn,clear,20.8,3,2,0.667,1
Z06,10.58,N,autumn,clear,20.4,3,2,0.667,3
Z07,8.04,W,summer,clear,9.6,2,2,1,1
Z06,0.15,NW,autumn,fog,8.8,3,2,0.667,0
Z07,2.33,NW,spring,clear,21.5,4,3,0.75,1
Z06,7.62,SE,autumn,rain,11.7,3,2,0.667,4
Z06,3.5,NE,spring,clear,32.1,2,2,1,0
Z03,9.86,N,winter,cloudy,3,3,3,1,2
Z05,25.75,S,summer,clear,24,2,1,0.5,9
Z05,11.9,SE,autumn,fog,20.5,3,2,0.667,3
Z04,14.2,N,spring,clear,17.9,4,3,0.75,4
Z08,8.56,E,spring,cloudy,13.8,3,2,0.667,1
Z05,13.08,W,spring,clear,25.4,4,3,0.75,5
Z05,2.38,W,autumn,cloudy,30.7,4,3,0.75,0
Z06,11.39,NW,spring,cloudy,18.1,2,2,1,6
Z08,0,W,autumn,fog,39.2,4,3,0.75,0
Z05,28.7,SE,autumn,clear,10,3,1,0.333,13
Z05,6.52,SE,winter,cloudy,16.2,2,1,0.5,0
Z04,12.18,NW,autumn,clear,19.3,4,2,0.5,6
Z04,4.76,S,summer,clear,33.6,3,2,0.667,2
Z04,11.62,N,spring,rain,7.7,4,4,1,8
Z02,6.83,NW,spring,rain,30.8,3,1,0.333,3
Z06,2.47,NE,summer,clear,9,3,3,1,1
Z03,12.39,NW,winter,rain,8.8,3,2,0.667,3
Z04,17.77,E,summer,clear,22.4,2,1,0.5,8
Z01,28.54,S,autumn,cloudy,16.1,3,1,0.333,9
Z02,22.38,N,winter,cloudy,18.4,3,3,1,6
Z07,7,SE,spring,clear,42.4,2,2,1,1
Z06,15.28,N,summer,snow,22.7,2,2,1,1
Z02,24.3,NW,autumn,clear,15.5,3,2,0.667,10
Z01,15.59,NE,winter,rain,25.3,3,2,0.667,12
Z06,7,N,winter,rain,17.7,2,1,0.5,1
Z08,13.23,SW,spring,cloudy,28.3,4,2,0.5,3
Z08,15.64,E,autumn,clear,3,3,2,0.667,4
Z03,6.89,N,summer,clear,28.5,2,2,1,2
Z05,6.47,S,summer,cloudy,21,4,3,0.75,0
Z03,7.14,NE,summer,cloudy,17.2,2,1,0.5,2
Z05,21.62,SW,autumn,clear,19.4,2,0,0,11
Z04,8.53,SW,spring,rain,36.9,4,3,0.75,2
Z06,1.4,E,spring,clear,30.8,3,1,0.333,0
Z02,18.77,NW,spring,clear,30.9,4,3,0.75,8
Z04,26.28,E,autumn,fog,9.7,3,1,0.333,14
Z03,13.82,E,autumn,clear,15.9,3,0,0,4
Z06,6.56,E,winter,cloudy,13,3,1,0.333,1
Z04,25.04,N,spring,clear,12,4,2,0.5,4
Z06,16.16,SE,autumn,rain,3,4,1,0.25,8
Z04,20.38,S,summer,cloudy,21.6,4,4,1,13
Z07,9.66,S,autumn,clear,39,4,1,0.25,5
Z07,1.85,W,winter,rain,30.8,2,0,0,0
Z02,14.02,SW,summer,clear,30.5,3,1,0.333,4
Z08,15.2,SW,spring,rain,23.9,2,1,0.5,10
Z08,4.5,N,summer,clear,39,2,0,0,0
Z03,17.08,W,spring,rain,11.1,2,1,0.5,7
Z06,20.46,NW,spring,cloudy,3,3,2,0.667,6
Z04,19.85,E,autumn,clear,28.8,3,2,0.667,6
Z07,11.72,N,summer,cloudy,25.9,3,3,1,4
Z03,3.58,N,autumn,rain,9.7,4,1,0.25,1
Z04,5.31,SW,spring,rain,27.4,2,1,0.5,5
Z08,9.73,W,summer,clear,12.7,4,4,1,3
Z04,3.84,W,autumn,cloudy,34.6,4,1,0.25,0
Z04,19.1,N,spring,cloudy,15.1,3,3,1,9
Z05,16.61,SW,summer,clear,17.6,3,3,1,8
Z05,4.87,S,autumn,rain,11.3,3,1,0.333,0
Z07,10.88,E,summer,clear,23,3,3,1,5
Z05,16.78,N,autumn,rain,33.4,4,3,0.75,6
Z07,12.71,NE,summer,clear,12.1,3,3,1,3
Z02,6.74,NE,autumn,clear,10.2,4,3,0.75,0
Z04,18.35,E,autumn,clear,18.2,3,3,1,2
Z02,13.18,NW,summer,clear,7.6,2,2,1,2
Z01,13.59,NE,winter,clear,29.9,4,1,0.25,6
Z06,2.29,S,autumn,cloudy,14.3,4,2,0.5,1
Z08,18.87,N,winter,cloudy,14.5,3,1,0.333,6
Z08,8.74,E,autumn,clear,25,3,3,1,6
Z07,6.95,SW,summer,clear,21.9,3,2,0.667,2
Z01,29.94,E,spring,cloudy,16,3,2,0.667,9
Z07,8.24,SW,spring,clear,12.9,3,2,0.667,1
Z01,15.51,E,spring,cloudy,12,2,2,1,3
Z02,11.77,NW,summer,rain,20.5,3,0,0,8
Z07,6.08,NW,winter,cloudy,29.4,3,2,0.667,1
Z05,12.44,SE,autumn,cloudy,3.4,3,3,1,2
Z05,20.44,NE,summer,rain,25.6,4,4,1,8
Z01,16.6,SE,autumn,clear,8.1,3,3,1,1
Z05,22,NW,autumn,clear,26.2,2,2,1,7
Z06,0,SW,spring,rain,37.5,2,0,0,0
Z08,13.88,S,summer,rain,18.4,2,1,0.5,3
Z02,10.11,S,spring,cloudy,7.6,2,1,0.5,2
Z04,9.68,E,summer,clear,3.2,4,3,0.75,4
Z07,18.15,SE,spring,clear,38.5,4,2,0.5,3
Z06,13.75,SW,autumn,clear,14,4,2,0.5,4
Z05,16.26,W,autumn,cloudy,24.9,3,3,1,7
Z06,8.92,W,winter,fog,42.6,3,2,0.667,2
Z01,13.93,E,summer,rain,12.1,4,3,0.75,8
Z04,9.14,S,summer,rain,14.8,4,3,0.75,6
Z02,11.58,S,autumn,rain,15.9,3,0,0,4
Z02,8.42,S,spring,clear,29.4,4,2,0.5,2
Z06,15.65,N,spring,clear,24.1,3,3,1,11
Z01,15.73,W,summer,cloudy,18.2,2,1,0.5,3
Z02,2.15,S,winter,clear,9.8,4,4,1,1
Z05,23.15,N,autumn,cloudy,22.7,2,1,0.5,3
Z07,12.81,E,winter,clear,21.6,4,2,0.5,4
Z01,12.03,SE,winter,rain,16.9,2,1,0.5,7
Z06,9.39,N,autumn,rain,26.6,3,2,0.667,3
Z03,0.72,W,summer,clear,20.3,3,2,0.667,0
Z02,13.96,N,autumn,rain,13,2,1,0.5,7
Z02,18.2,E,autumn,clear,9.2,3,2,0.667,6
Z07,22.4,E,spring,clear,9.4,2,1,0.5,7
Z08,6.91,NW,summer,rain,16.9,4,4,1,7
Z02,13.95,S,spring,cloudy,24.1,2,1,0.5,4
Z05,7.81,SE,winter,rain,32.9,3,2,0.667,4
Z05,4.87,NW,winter,clear,48.9,2,2,1,3
Z06,14.55,SW,autumn,clear,17.5,3,3,1,2
Z02,8.44,W,winter,clear,34.1,2,2,1,1
Z06,7.45,SW,autumn,clear,11,3,3,1,3
Z06,7.84,SE,spring,rain,33.9,3,2,0.667,3
Z03,16.9,N,autumn,rain,17.9,4,2,0.5,9
Z04,6.34,N,autumn,rain,7.3,4,2,0.5,2
Z06,3.84,S,spring,clear,5.8,3,2,0.667,0
Z02,12.85,NE,summer,clear,21,4,3,0.75,6
Z04,13.38,NE,summer,clear,24,2,0,0,6
Z05,10.31,E,spring,clear,12.6,3,3,1,6
Z02,11.76,W,spring,clear,13.4,4,3,0.75,6
Z03,9.05,SE,winter,clear,30.7,3,1,0.333,1
Z04,18.78,SE,autumn,cloudy,14.9,4,2,0.5,6
Z02,18.09,NE,winter,cloudy,21.1,2,1,0.5,7
Z01,20.46,S,summer,cloudy,18.7,2,0,0,6
Z08,8.09,W,spring,rain,23.8,3,3,1,3
Z05,8.07,E,summer,cloudy,9.3,4,2,0.5,1
Z04,12.48,W,winter,clear,20.3,2,1,0.5,1
Z02,16.1,N,summer,cloudy,14.2,2,2,1,4
Z05,10.09,W,winter,cloudy,27.8,3,2,0.667,6
Z04,22.49,N,spring,clear,8.9,3,3,1,9
Z05,4.44,SW,summer,rain,24.8,3,0,0,3
Z01,10.08,SW,winter,clear,19.8,3,2,0.667,2
Z05,10.2,NE,winter,clear,3,2,1,0.5,2
Z05,10.9,SW,spring,cloudy,3,2,2,1,2
Z08,5.66,NW,autumn,clear,11.1,4,4,1,2
Z04,20.43,NE,summer,clear,20,4,4,1,3
Z04,28.7,NE,spring,snow,15.3,3,1,0.333,14
Z03,11.73,SW,winter,cloudy,5,3,2,0.667,2
Z03,0,S,winter,clear,29.8,3,3,1,0
Z01,14.1,NW,summer,snow,24.1,3,1,0.333,5
Z08,25.05,SE,autumn,clear,15.8,3,1,0.333,4
Z07,19.39,NW,summer,clear,22.5,4,1,0.25,5
Z08,9.76,N,spring,rain,13.7,4,3,0.75,2
Z01,7.23,SW,summer,cloudy,16.5,3,0,0,2
Z03,18.65,NW,autumn,cloudy,13.6,4,1,0.25,4
Z01,18.46,N,spring,clear,32.5,4,1,0.25,6
Z03,4.23,W,spring,fog,21.1,3,2,0.667,1
Z03,3.09,W,autumn,clear,16.5,4,1,0.25,0
Z06,23.33,NW,winter,clear,8.9,2,1,0.5,5
Z05,3.24,NW,autumn,clear,3.5,4,2,0.5,0
Z01,15.66,E,summer,clear,19.8,3,1,0.333,3
Z02,15.64,NE,spring,clear,15.5,3,2,0.667,6
Z03,16.41,NE,spring,clear,22.9,2,2,1,2
Z01,2.74,E,spring,clear,29.2,3,2,0.667,0
Z08,26.56,E,autumn,clear,26.3,2,1,0.5,13
Z08,15.68,NE,spring,cloudy,24.3,4,3,0.75,1
Z02,6.7,S,spring,clear,30.9,3,3,1,3
Z02,13.4,SE,summer,clear,15,4,2,0.5,6
Z04,6.79,NW,autumn,clear,20.7,3,3,1,2
Z03,5,SW,summer,cloudy,38.4,4,4,1,2
Z02,27.07,W,summer,clear,22.5,3,1,0.333,9
Z08,11.58,N,autumn,cloudy,14.5,4,3,0.75,3
Z02,8.59,SW,spring,clear,30.7,3,1,0.333,3
Z04,0,SE,summer,clear,18.8,3,2,0.667,0
Z01,25.86,SE,summer,rain,16.8,2,1,0.5,9
Z08,0.43,NW,summer,fog,26.8,3,1,0.333,0
Z02,0,SW,summer,clear,24.8,4,3,0.75,0
Z07,10.24,W,spring,clear,21,2,2,1,1
Z04,31.95,SE,spring,rain,10.5,4,1,0.25,14
Z07,25.07,SE,autumn,clear,19.6,4,2,0.5,9
Z07,13.73,NW,spring,clear,26.3,2,0,0,2
Z04,16.35,SE,spring,cloudy,32.9,4,3,0.75,4
Z05,19.8,NW,winter,clear,19,3,2,0.667,8
Z04,24.42,SE,winter,clear,29,4,2,0.5,13
Z06,15.08,SE,summer,cloudy,7,4,3,0.75,2
Z05,13.12,S,winter,snow,14.8,4,3,0.75,4
Z08,7.44,NW,spring,clear,7.3,2,1,0.5,2
Z05,11.43,E,autumn,clear,25.5,2,2,1,3
Z08,15.08,S,spring,cloudy,3,2,1,0.5,6
Z08,8.74,S,spring,snow,9.8,4,2,0.5,2
Z03,11.22,E,spring,rain,26.1,4,2,0.5,5
Z07,14.14,S,summer,rain,10.5,3,3,1,4
Z04,9.88,NE,summer,clear,3.1,4,2,0.5,1
Z01,12.72,SE,summer,rain,12.8,4,2,0.5,6
Z06,8.52,NW,spring,rain,19.4,4,3,0.75,9
Z08,0,SW,spring,clear,21.3,3,3,1,0
Z02,0,E,autumn,cloudy,28.3,2,1,0.5,0
Z07,1.16,N,winter,clear,25.4,2,1,0.5,0
Z06,16.28,E,winter,clear,18.1,2,1,0.5,2
Z08,13.09,SW,spring,rain,22,3,2,0.667,6
Z01,5.92,W,spring,clear,12.2,2,2,1,3
Z02,5.98,SE,autumn,cloudy,27.7,3,2,0.667,0
Z01,28.99,N,summer,snow,19.8,3,2,0.667,11
Z06,9.92,SE,spring,clear,15.9,2,0,0,3
Z06,16.18,S,winter,cloudy,30.8,4,4,1,5
Z05,12.04,SE,autumn,cloudy,20,3,2,0.667,4
Z06,1.27,NW,summer,clear,19.7,3,2,0.667,0
Z03,4.06,N,winter,fog,3,3,3,1,5
Z03,13.05,N,winter,fog,12.1,4,2,0.5,4
Z07,11.46,NE,autumn,rain,20.2,3,1,0.333,6
Z03,21.21,NW,summer,clear,11.4,4,4,1,8
Z02,12.92,S,winter,cloudy,14,3,2,0.667,3
Z03,13.32,E,winter,clear,16.2,3,2,0.667,5
Z06,15.36,SE,winter,clear,6.5,2,2,1,4
Z07,21.24,W,winter,rain,24.5,2,2,1,12
Z04,22.06,SW,autumn,fog,9.6,2,1,0.5,4
Z01,19.95,SW,summer,clear,21.4,2,2,1,6
Z06,18.44,W,spring,clear,12.7,3,1,0.333,9
Z04,17.82,N,spring,snow,3,4,2,0.5,4
Z03,14.66,S,autumn,cloudy,7.6,4,4,1,3
Z04,18.5,S,summer,rain,28.3,4,3,0.75,12
Z08,3.49,NE,autumn,fog,35,4,2,0.5,1
Z07,1.39,NE,winter,fog,8.9,4,3,0.75,1
Z05,15.98,NE,winter,rain,30.9,4,2,0.5,13
Z02,9.28,E,autumn,clear,26.3,2,2,1,1
Z07,11.85,NE,summer,clear,33.7,2,0,0,2
Z04,4.65,NE,spring,rain,40.7,4,3,0.75,1
Z07,5.04,W,spring,clear,28.1,4,3,0.75,1
Z06,0,SE,summer,clear,13,3,2,0.667,0
Z04,21.4,SE,winter,cloudy,12.3,3,2,0.667,9
Z05,13.62,W,summer,clear,20.2,2,1,0.5,13
Z06,15.91,SW,summer,clear,8.6,2,2,1,5
Z07,12.48,N,spring,cloudy,3,4,3,0.75,4
Z03,7.18,NW,winter,clear,23.7,3,2,0.667,5
Z01,14.46,NE,summer,cloudy,15.9,3,3,1,3
Z05,0,NW,summer,cloudy,18.5,3,2,0.667,0
Z08,13.57,NW,summer,snow,26.1,2,2,1,7
Z08,6.45,S,winter,clear,25.8,4,3,0.75,2
Z07,26.08,NE,winter,clear,31.1,2,1,0.5,9
Z03,21.1,N,winter,clear,32.7,3,2,0.667,9
Z01,17.67,SE,summer,cloudy,29.9,4,3,0.75,8
Z03,0,S,spring,rain,22.3,3,2,0.667,0
Z02,13.75,NW,spring,rain,19.9,2,0,0,8
Z03,22.4,SW,spring,snow,10.6,4,2,0.5,11
Z03,19.15,SE,spring,clear,25,2,2,1,7
Z03,2.57,NE,summer,rain,8.5,3,3,1,0
Z04,28.61,NW,autumn,rain,19.1,3,2,0.667,18
Z06,24.79,SE,spring,clear,21.9,3,2,0.667,11
Z01,15.66,W,autumn,cloudy,9.3,2,2,1,3
Z08,4.12,W,spring,cloudy,45.5,3,1,0.333,0
Z05,5.34,SE,spring,cloudy,25.1,2,1,0.5,0
Z06,4.53,NW,autumn,clear,19.5,4,4,1,2
Z03,19.88,W,spring,cloudy,20.6,4,1,0.25,3
Z02,20.9,SE,autumn,rain,21,4,4,1,14
Z01,13.88,W,summer,clear,16.6,2,2,1,2
Z02,18.08,NW,autumn,clear,14.9,3,3,1,6
Z01,10.27,NE,spring,clear,40.7,3,3,1,2
Z06,4.01,N,winter,rain,34.4,3,0,0,2
Z01,5.91,SW,autumn,fog,15.6,2,2,1,1
Z08,14.1,NW,autumn,clear,30.8,2,2,1,5
Z04,9.71,N,summer,cloudy,31.6,2,1,0.5,2
Z08,12.65,W,winter,snow,4.7,3,0,0,2
Z06,26.25,N,summer,rain,35.7,2,0,0,19
Z02,20.47,SE,winter,clear,3,2,1,0.5,9
Z04,15.24,NW,summer,cloudy,19.9,3,3,1,4
Z01,0,NE,winter,clear,3.6,3,2,0.667,0
Z04,14.5,NE,spring,rain,10.8,4,2,0.5,3
Z01,19.62,N,spring,clear,7.1,4,4,1,10
Z05,0,NW,winter,clear,32.5,3,2,0.667,0
Z01,0,E,spring,clear,25.5,2,0,0,0
Z02,10.66,NW,winter,rain,29.5,3,2,0.667,7
Z06,27.27,SE,summer,clear,17,3,1,0.333,12
Z05,9.23,N,spring,clear,23.3,3,3,1,3
Z04,17.53,SE,spring,rain,17.7,2,2,1,9
Z03,23.18,SE,winter,clear,31.6,4,2,0.5,8
Z08,9.83,NW,spring,rain,24.3,3,1,0.333,5
Z03,18.59,SW,summer,cloudy,14.7,2,1,0.5,4
Z03,6.28,NE,autumn,rain,7.6,4,4,1,3
Z07,19.03,S,spring,fog,32.9,2,1,0.5,3
Z04,14.33,S,summer,cloudy,19.6,2,0,0,5
Z07,0,NW,autumn,rain,9,3,0,0,0
Z04,18.39,W,spring,clear,5.5,3,2,0.667,4
Z02,9.93,NE,autumn,clear,19.1,4,3,0.75,4
Z01,0,E,spring,clear,15.6,3,2,0.667,0
Z08,7.58,SW,winter,clear,21.7,4,2,0.5,2
Z08,8.03,S,summer,clear,26.1,3,3,1,1
Z04,10.47,E,summer,cloudy,21.5,4,2,0.5,2
Z08,13.11,SW,spring,clear,22.5,4,4,1,5
Z04,13.34,SE,summer,fog,15.9,4,3,0.75,6
Z07,15.16,SW,summer,clear,30.1,4,3,0.75,6
Z07,16.1,W,spring,clear,31.3,2,0,0,7
Z04,14.76,W,autumn,snow,28.6,2,2,1,10
Z01,11.76,SW,winter,clear,24.2,3,2,0.667,1
Z02,8.39,E,summer,rain,40.5,4,1,0.25,1
Z02,15.09,SW,autumn,clear,10.1,3,3,1,4
Z01,17.16,SE,autumn,clear,10.9,4,2,0.5,6
Z06,17.76,SE,summer,fog,22.6,2,2,1,10
Z05,2.68,NW,summer,rain,10.5,4,3,0.75,0
Z02,17.81,W,spring,clear,3,4,1,0.25,4
Z02,12.98,S,autumn,cloudy,26.2,2,1,0.5,0
Z02,11.05,SW,summer,clear,11.8,4,3,0.75,2
Z08,12.13,E,autumn,rain,6.6,3,1,0.333,7
Z04,18.6,E,spring,clear,12.3,4,4,1,10
Z05,7.45,SW,winter,clear,18.5,3,0,0,3
Z01,2.92,NW,autumn,rain,29.6,4,2,0.5,0
Z01,18.5,W,summer,rain,12.2,3,2,0.667,11
Z02,17.26,SW,summer,clear,26.8,2,2,1,4
Z04,6.44,SW,autumn,cloudy,24.5,2,0,0,1
Z05,9.85,NW,summer,snow,28.8,4,2,0.5,2
Z06,10.38,W,summer,cloudy,18.9,2,1,0.5,3
Z07,2.67,SE,winter,fog,13.8,4,2,0.5,0
Z01,9.55,NW,spring,cloudy,13.6,3,1,0.333,0
Z05,9.24,W,winter,cloudy,23.1,4,2,0.5,2
Z04,17.89,NE,summer,clear,27.1,3,2,0.667,3
Z06,0,SE,winter,cloudy,3,4,3,0.75,0
Z06,17.21,S,winter,cloudy,11.9,4,3,0.75,3
Z04,16.02,NW,spring,fog,30.2,4,1,0.25,0
Z08,12.19,N,summer,cloudy,3,4,3,0.75,5
Z08,10.74,N,spring,snow,3,4,4,1,2
Z01,20.6,N,spring,rain,21.9,4,1,0.25,12
Z07,11.67,NW,summer,clear,17.6,4,2,0.5,3
Z01,7.89,SE,summer,rain,19.4,4,0,0,2
Z05,0,W,summer,cloudy,16.8,2,2,1,0
Z01,9.36,N,summer,rain,10.8,4,2,0.5,2
Z03,4.76,SE,spring,cloudy,36.2,2,2,1,0
Z07,17.28,SE,autumn,cloudy,37.7,3,2,0.667,6
Z04,0.73,NE,summer,cloudy,28.5,2,2,1,0
Z02,15.07,SE,spring,clear,25.2,2,2,1,7
Z01,18.78,NE,autumn,rain,37.3,3,1,0.333,14
Z01,25.45,SE,winter,clear,32.7,4,3,0.75,9
Z01,9.26,SE,winter,clear,24,4,2,0.5,4
Z04,12.61,NW,autumn,rain,27.6,2,1,0.5,11
Z02,11.9,S,summer,fog,31.4,2,1,0.5,8
Z07,3.57,E,winter,clear,20.3,2,1,0.5,1
Z01,19.51,SW,spring,rain,21.1,2,2,1,13
Z08,1.29,SE,autumn,cloudy,26.6,2,1,0.5,0
Z08,10.98,SE,autumn,cloudy,9.3,3,2,0.667,2
Z04,0,W,spring,clear,5.4,2,2,1,0
Z08,23.93,SW,summer,cloudy,19.8,4,2,0.5,9
Z06,14.81,SE,winter,rain,22.7,2,2,1,4
Z01,21.57,E,summer,clear,37.8,4,2,0.5,4
Z03,25.68,NW,summer,rain,28.5,3,0,0,14
Z07,13.46,NW,spring,fog,20.7,3,1,0.333,6
Z04,12.43,SW,autumn,clear,18.3,4,3,0.75,2
Z05,7.09,E,summer,clear,9.3,4,2,0.5,2
Z07,12.66,SW,spring,clear,32.7,4,2,0.5,4
Z06,8.81,SW,autumn,clear,29.1,4,3,0.75,5
Z03,22.27,W,summer,clear,17.7,2,1,0.5,5
Z04,20.77,SE,summer,clear,13.4,3,1,0.333,4
Z05,1.87,NW,winter,cloudy,10,4,2,0.5,1
Z03,16.29,NW,winter,clear,9.5,3,2,0.667,2
Z02,2.95,NE,autumn,cloudy,18.3,2,0,0,1
Z03,33.77,NW,summer,rain,25.4,2,0,0,25
Z01,8.62,W,summer,rain,19.3,2,1,0.5,3
Z01,29.11,W,spring,cloudy,7.6,4,3,0.75,10
Z02,9.99,SW,summer,clear,41.7,4,3,0.75,2
Z03,14.02,E,autumn,cloudy,29.7,3,2,0.667,4
Z04,7.55,SE,summer,cloudy,34,3,1,0.333,4
Z06,15.01,E,winter,clear,18.3,3,3,1,4
Z02,5.44,NE,winter,cloudy,24.2,2,2,1,1
Z06,24.09,SE,spring,fog,20.2,3,1,0.333,8
Z04,14.78,SW,spring,snow,12.9,2,2,1,1
Z08,0,NE,summer,clear,12.1,2,2,1,0
Z01,16.48,SE,spring,clear,22.6,2,1,0.5,2
Z04,14.88,SE,summer,clear,11.6,4,3,0.75,1
Z07,15.25,W,summer,cloudy,21,4,1,0.25,4
Z07,11.93,NW,autumn,cloudy,14.8,2,1,0.5,3
Z05,6.18,NW,summer,clear,8.2,3,2,0.667,1
Z07,10.54,SE,summer,rain,36.2,4,3,0.75,4
Z02,15.64,SW,autumn,rain,12,4,3,0.75,11
Z04,7.78,N,winter,rain,9.7,3,2,0.667,5
Z05,25.63,NE,spring,clear,26.8,2,1,0.5,10
Z03,0,SW,summer,clear,33.1,3,2,0.667,0
Z04,30.9,NE,summer,snow,28.2,4,2,0.5,13
Z01,5.55,NW,summer,cloudy,29.2,2,1,0.5,2
Z07,4.33,SW,winter,rain,21.6,2,0,0,3
Z07,11.13,SE,autumn,clear,20.9,4,3,0.75,2
Z01,11.98,NE,winter,cloudy,29,3,1,0.333,1
Z06,18.25,SW,summer,cloudy,20,4,2,0.5,8
Z07,13.1,S,summer,clear,10.3,4,4,1,4
Z01,5.23,SW,autumn,cloudy,3.6,2,2,1,0
Z01,11.8,N,winter,clear,24.9,4,3,0.75,6
Z02,14.08,NE,autumn,clear,14,3,3,1,3
Z04,5.77,NW,autumn,clear,28.7,3,3,1,4
Z07,5.44,NW,autumn,clear,33.5,3,2,0.667,2
Z05,10.47,E,autumn,clear,24.2,3,1,0.333,2
Z07,7.16,N,spring,rain,20,2,2,1,1
Z07,1.93,N,summer,clear,12.9,2,0,0,0
Z04,11.71,SE,summer,clear,30.5,4,2,0.5,5
Z07,16.07,NW,winter,clear,14.2,3,3,1,7
Z06,16.36,N,autumn,clear,24.5,4,3,0.75,9
Z05,0,SE,spring,cloudy,27,3,2,0.667,0
Z07,14.24,NW,winter,clear,12.4,3,2,0.667,2
Z02,24.39,NE,autumn,rain,26.7,4,2,0.5,20
Z03,7.87,E,winter,cloudy,15.8,3,1,0.333,3
Z02,10.86,NW,summer,rain,18.4,4,2,0.5,8
Z03,21.65,E,spring,clear,39.9,4,2,0.5,12
Z01,7.33,NE,summer,snow,39.3,2,1,0.5,1
Z05,14.2,S,winter,clear,35.3,3,3,1,3
Z07,13.51,N,summer,rain,33.9,4,3,0.75,9
Z01,7.51,NE,summer,clear,15.4,2,1,0.5,1
Z07,11.76,NW,spring,clear,24,4,3,0.75,2
Z03,6.36,NW,summer,clear,44,4,3,0.75,1
Z08,24.13,SE,winter,clear,35.1,3,2,0.667,6
Z02,15.01,SE,autumn,rain,29.6,2,2,1,7
Z01,14.58,S,autumn,fog,5,4,4,1,3
Z02,20.96,SE,autumn,clear,3.4,3,3,1,5
Z05,3.03,N,autumn,rain,6.8,4,2,0.5,2
Z03,8.75,N,winter,clear,7.1,3,3,1,0
Z08,19,E,summer,clear,21.2,2,1,0.5,8
Z04,2.5,E,winter,clear,25.9,2,1,0.5,0
Z03,16.35,NW,autumn,rain,24.9,4,3,0.75,8
Z06,6.39,S,spring,clear,8.1,4,3,0.75,2
Z02,0.26,W,spring,clear,19.9,4,3,0.75,0
Z03,22.07,SW,spring,clear,3,4,2,0.5,5
Z02,18.04,NW,autumn,clear,12.8,2,1,0.5,10
Z07,11.63,NW,spring,cloudy,6.3,2,1,0.5,3
Z08,19.74,SE,autumn,snow,21.6,3,1,0.333,5
Z04,20.64,S,winter,clear,24.1,2,2,1,12
Z04,19.9,E,winter,clear,14.3,4,1,0.25,7
Z01,11.39,W,winter,clear,28,3,1,0.333,4
Z02,13.65,N,spring,clear,14.1,3,3,1,2
Z02,17.64,NW,autumn,snow,17.1,3,1,0.333,8
Z06,8.4,SE,summer,rain,18.2,2,1,0.5,2
Z04,12.92,SW,spring,clear,29.8,2,2,1,4
Z04,14.4,SW,autumn,cloudy,17.4,2,2,1,3
Z03,19.93,NE,winter,rain,32.4,3,2,0.667,14
Z06,0,NW,spring,cloudy,16.5,4,2,0.5,0
Z04,19.07,SE,summer,clear,16.4,2,1,0.5,4
Z03,7.62,NW,autumn,clear,21.3,3,3,1,2
Z06,17.99,S,autumn,rain,15.4,2,2,1,10
Z05,0.65,NW,autumn,clear,11.6,2,2,1,0
Z05,14.33,NW,summer,clear,27.7,4,3,0.75,8
Z02,17.33,NW,summer,cloudy,6.1,3,3,1,2
Z03,18.97,NW,spring,clear,22.7,3,1,0.333,10
Z06,17.3,SW,spring,rain,16.7,2,1,0.5,13
Z07,24.58,E,spring,clear,26.4,3,2,0.667,10
Z02,2.02,SW,autumn,clear,3,4,4,1,0
Z02,19.09,W,summer,clear,25.3,4,3,0.75,11
Z02,12.47,NE,spring,cloudy,26.6,2,2,1,3
Z04,5.61,SW,spring,rain,28.4,4,3,0.75,3
Z01,7.25,NE,spring,cloudy,32.2,4,4,1,0
Z03,1.42,E,summer,clear,30.2,4,3,0.75,0
Z06,20.17,NW,autumn,cloudy,15.3,2,1,0.5,6
Z03,8.25,N,winter,clear,5.8,2,2,1,2
Z04,11.06,SW,spring,snow,22.2,4,3,0.75,3
Z08,11.98,NE,autumn,clear,18.9,3,3,1,5
Z06,9.46,NW,spring,clear,25,4,3,0.75,5
Z07,1.25,W,winter,snow,21.4,4,3,0.75,0
Z05,11.22,SW,spring,clear,14.7,2,1,0.5,5
Z07,20.74,N,autumn,clear,10.7,2,1,0.5,6
Z06,4.67,N,winter,clear,15.9,2,2,1,0
Z05,12.04,S,summer,clear,19.1,4,2,0.5,3
Z02,18.91,NW,spring,fog,17.5,2,1,0.5,12
Z01,27.87,N,autumn,clear,27.7,4,3,0.75,8
Z06,8.97,W,spring,clear,39.4,2,1,0.5,2
Z05,8.39,SE,summer,cloudy,30.5,3,1,0.333,4
Z01,22,SE,spring,clear,14.8,2,2,1,6
Z03,16.03,NE,summer,clear,13.2,3,1,0.333,2
Z07,17.99,S,spring,cloudy,5.2,3,1,0.333,5
Z04,16.51,SW,spring,clear,12.7,2,0,0,1
Z01,6.56,NE,winter,rain,21.6,4,3,0.75,6
Z03,18.1,E,spring,rain,11.6,4,2,0.5,5
Z01,12.48,E,spring,clear,16.7,3,2,0.667,2
Z04,3.1,W,winter,rain,24.1,3,2,0.667,1
Z05,14.85,SW,spring,fog,27,2,0,0,4
Z04,15.58,N,autumn,clear,25.7,4,4,1,8
Z05,0,E,spring,clear,16.5,4,3,0.75,0
Z05,9.97,W,winter,clear,13.5,2,2,1,3
Z04,12.74,NE,autumn,cloudy,3,4,2,0.5,1
Z01,17.82,N,spring,clear,41.2,3,2,0.667,3
Z07,13.75,N,summer,clear,33.2,2,1,0.5,3
Z05,18.87,E,summer,cloudy,10.8,3,3,1,4
Z08,19.74,W,winter,clear,4.5,3,1,0.333,6
Z04,0,S,autumn,clear,17.2,3,1,0.333,0
Z08,15.44,E,autumn,cloudy,19.4,3,2,0.667,2
Z03,10.22,NW,spring,cloudy,9.6,3,3,1,2
Z08,0.9,N,autumn,clear,32.2,4,4,1,0
Z08,17.95,N,autumn,clear,17.7,2,1,0.5,2
Z07,23.57,N,summer,cloudy,33.8,4,1,0.25,8
Z07,0,E,autumn,rain,3,3,2,0.667,0
Z03,23.73,W,spring,rain,14,3,1,0.333,9
Z06,3.26,SW,spring,clear,3,4,4,1,0
Z07,8.69,N,autumn,clear,7.9,3,3,1,8
Z06,8.58,NE,winter,clear,31.9,3,1,0.333,4
Z08,6.25,S,summer,clear,26.3,4,3,0.75,0
Z02,9.53,N,autumn,clear,29.2,4,1,0.25,1
Z06,20.71,S,winter,rain,15.6,4,2,0.5,10
Z04,6.26,W,winter,cloudy,17.5,2,2,1,1
Z03,11.14,SW,summer,clear,6.9,4,2,0.5,2
Z03,15.92,NE,spring,cloudy,24.2,3,3,1,6
Z06,15.42,S,autumn,rain,21,2,2,1,6
Z07,12.67,SE,autumn,rain,17.9,4,1,0.25,10
Z03,5.43,SW,autumn,cloudy,29,2,2,1,1
Z05,21.44,SE,autumn,cloudy,14.1,3,2,0.667,4
Z07,15.42,SE,winter,cloudy,22.1,4,3,0.75,1
Z07,15.43,W,summer,rain,18.2,4,3,0.75,5
Z08,23.85,NE,summer,clear,17.7,3,1,0.333,10
Z05,20.36,SW,spring,clear,15.1,3,3,1,4
Z05,17.68,SW,autumn,snow,25.2,2,0,0,7
Z06,9.72,NE,autumn,cloudy,30.7,3,2,0.667,3
Z05,1.8,NW,autumn,clear,22.3,3,3,1,1
Z01,20.42,SW,summer,rain,7.1,3,1,0.333,11
Z03,27.79,N,summer,clear,8,3,1,0.333,15
Z07,16.38,SE,spring,rain,43.2,4,3,0.75,12
Z07,10.15,SW,spring,clear,21.1,3,2,0.667,3
Z02,2.82,NE,summer,cloudy,14.8,2,0,0,1
Z08,11.46,N,autumn,rain,26.1,2,1,0.5,6
Z06,10.83,SE,spring,rain,23.2,4,2,0.5,7
Z08,18.6,NW,summer,clear,33.8,4,3,0.75,4
Z08,8.44,NE,summer,cloudy,3,2,2,1,3
Z04,0,W,summer,cloudy,10.2,4,1,0.25,0
Z07,7.71,E,summer,rain,39.8,3,3,1,5
Z01,4.16,S,autumn,cloudy,8.7,3,1,0.333,0
Z06,20.59,W,spring,snow,32.5,2,1,0.5,7
Z06,3.56,NE,spring,clear,21.1,4,2,0.5,2
Z07,5.57,SE,autumn,clear,12.5,2,2,1,0
Z04,8.63,N,spring,snow,23,4,3,0.75,3
Z05,14.71,W,spring,cloudy,3,2,1,0.5,2
Z02,6.63,SE,autumn,cloudy,29.9,4,2,0.5,4
Z01,21.03,SW,winter,rain,31.3,4,3,0.75,10
Z05,6.09,SW,summer,snow,3.5,4,2,0.5,2
Z07,8.98,W,winter,clear,16.5,2,1,0.5,1
Z08,25.61,SE,spring,clear,21.4,4,3,0.75,8
Z06,18.31,W,spring,clear,19.6,2,2,1,4
Z05,0,SE,spring,clear,19.4,4,4,1,0
Z02,13.19,E,autumn,clear,23.9,2,1,0.5,4
Z02,3.09,N,summer,clear,24.3,3,0,0,0
Z08,0,N,autumn,clear,37.1,2,0,0,0
Z01,10.82,SW,summer,rain,23.4,2,1,0.5,6
Z04,15.42,S,summer,cloudy,34.2,2,0,0,9
Z05,22.88,NE,summer,clear,13.5,3,1,0.333,4
Z01,11.08,E,spring,cloudy,27.9,4,4,1,0
Z06,18.78,S,spring,snow,18.9,3,3,1,8
Z02,12.03,NE,winter,fog,40.4,3,2,0.667,5
Z07,10.41,E,spring,fog,11.7,4,3,0.75,2
Z08,10.51,NW,summer,clear,28.9,3,1,0.333,1
Z02,6.73,NW,spring,rain,16.5,2,0,0,2
Z02,8.79,W,summer,clear,28.9,2,2,1,2
Z06,11.84,NE,summer,clear,11.4,2,1,0.5,2
Z06,12.3,E,spring,rain,18.3,2,1,0.5,6
Z05,18.26,N,summer,clear,19.6,3,3,1,5
Z07,9.08,E,spring,clear,29.7,4,3,0.75,2
Z03,10.83,W,summer,snow,5.8,3,3,1,0
Z07,19.38,NW,summer,cloudy,14.6,3,3,1,1
Z01,8.06,NW,summer,clear,11.3,3,3,1,1
Z03,19.82,S,spring,clear,31.7,2,1,0.5,9
Z02,17.29,W,summer,clear,28.3,4,2,0.5,10
Z05,25.15,SW,winter,rain,14.4,2,0,0,8
Z08,13.23,SE,autumn,clear,15.5,2,2,1,4
Z02,10.35,S,summer,snow,3,2,1,0.5,3
Z03,17.1,SE,summer,rain,21.1,2,2,1,4
Z03,15.06,W,winter,rain,21.5,3,2,0.667,7
Z03,12.05,NW,summer,clear,17,4,3,0.75,3
Z03,10.08,E,autumn,clear,3,4,2,0.5,2
Z02,27.27,SE,autumn,clear,8.1,3,2,0.667,14
Z04,18.17,SE,summer,fog,29.1,3,1,0.333,12
Z01,9.42,N,summer,cloudy,28.6,2,1,0.5,1
Z04,24.85,N,autumn,fog,36.8,4,3,0.75,21
Z01,5.38,N,spring,clear,21.6,2,2,1,2
Z06,1.88,S,winter,clear,29.1,4,4,1,1
Z05,11.97,N,autumn,clear,9.8,2,0,0,4
Z02,7.08,E,summer,clear,26.7,2,2,1,2
Z01,22.69,NE,spring,rain,20.5,3,2,0.667,18
Z08,8.76,S,winter,cloudy,15.6,3,2,0.667,2
Z08,1.29,S,summer,rain,12.5,4,4,1,1
Z08,6.36,N,autumn,clear,16.7,4,1,0.25,2
Z06,15.33,NE,autumn,cloudy,16.5,4,3,0.75,3
Z02,9.59,W,summer,clear,24.9,4,4,1,1
Z04,8,NW,spring,clear,20,4,2,0.5,0
Z06,9.25,S,winter,rain,11.8,2,2,1,4
Z03,10.4,S,summer,fog,8.1,4,4,1,2
Z04,18.57,NE,autumn,clear,31.4,2,1,0.5,4
Z06,23.2,NW,spring,clear,36.6,3,2,0.667,10
Z02,8.63,SW,autumn,cloudy,22.8,3,3,1,1
Z07,16.48,S,autumn,snow,20.6,2,1,0.5,2
Z05,3.21,E,summer,clear,27.3,4,3,0.75,0
Z08,10.56,NW,summer,rain,23.6,4,1,0.25,6
Z02,18.47,S,autumn,clear,23.1,4,2,0.5,1
Z06,21.21,NW,spring,clear,14.7,4,4,1,9
Z08,11.66,S,summer,clear,19.2,3,2,0.667,4
Z01,8.14,SE,summer,rain,15.1,3,2,0.667,5
Z07,14.99,W,winter,cloudy,7.1,4,3,0.75,0
Z06,17.85,NW,autumn,rain,17.4,4,3,0.75,7
Z02,9.69,SW,summer,clear,3.5,3,2,0.667,0
Z06,8.11,N,spring,clear,26.1,4,3,0.75,1
Z05,22.94,W,summer,rain,9.8,3,2,0.667,14
Z06,0,NE,spring,clear,18.6,2,2,1,0
Z01,17.92,NE,summer,rain,20,2,0,0,7
Z05,18.08,N,spring,clear,9.5,4,3,0.75,4
Z04,10.64,NE,autumn,rain,37,3,2,0.667,8
Z07,5.33,SW,winter,clear,7.6,4,3,0.75,1
Z06,0.2,SE,summer,clear,14.2,3,2,0.667,0
Z02,3.6,NW,winter,rain,28.1,4,4,1,2
Z02,22.57,S,winter,clear,29.6,2,2,1,10
Z01,9,S,summer,rain,24.5,4,2,0.5,4
Z03,13.69,NW,autumn,rain,6.8,4,2,0.5,7
Z02,1.98,NE,summer,fog,33.1,2,1,0.5,0
Z07,23.38,NE,autumn,rain,35.4,4,1,0.25,9
Z01,4.62,NE,autumn,clear,8.6,3,2,0.667,1
Z08,2.69,NW,summer,cloudy,12.5,3,2,0.667,1
Z08,16.14,SW,summer,clear,34.3,3,2,0.667,3
Z01,19.33,SW,spring,fog,30.3,2,1,0.5,13
Z08,22.24,W,spring,clear,11.1,2,2,1,1
Z05,14.09,NW,spring,cloudy,36.8,4,3,0.75,4
Z08,13.42,S,autumn,clear,10,2,2,1,2
Z02,8.04,SE,winter,cloudy,32.9,3,2,0.667,3
Z02,9.59,SE,summer,rain,13.1,2,1,0.5,1
Z02,8.29,S,autumn,clear,5.5,2,2,1,4
Z01,12.64,W,autumn,rain,14.6,4,2,0.5,4
Z08,11.08,N,autumn,rain,23.4,3,2,0.667,6
Z06,15.74,N,summer,clear,19.9,4,3,0.75,5
Z03,10.27,NE,summer,rain,22.7,2,2,1,4
Z08,7.36,SW,summer,cloudy,29.9,4,3,0.75,1
Z07,7.33,W,summer,snow,16.8,4,3,0.75,0
Z06,8.66,N,summer,clear,33,3,2,0.667,2
Z06,10.89,S,summer,clear,25.9,2,0,0,7
Z03,0.97,SW,summer,rain,7,4,3,0.75,0
Z08,1.16,S,autumn,rain,26.6,2,0,0,0
Z06,12.87,SW,autumn,rain,39.6,2,1,0.5,7
Z03,11.1,S,summer,clear,4.8,3,3,1,1
Z04,19.38,E,autumn,clear,21.4,3,2,0.667,5
Z06,1.88,N,winter,cloudy,7.1,2,2,1,0
Z05,9.92,NE,summer,rain,36.3,3,3,1,2
Z02,14.23,NW,spring,rain,30.6,4,2,0.5,9
Z01,15.87,W,winter,cloudy,21.3,3,2,0.667,6
Z02,16.24,N,spring,clear,24.6,4,2,0.5,7
Z04,19.52,E,winter,clear,12.6,2,1,0.5,3
Z05,11.68,W,spring,clear,20.4,2,2,1,4
Z02,10.79,N,summer,clear,30.5,3,1,0.333,2
Z01,11.77,S,autumn,clear,30.7,2,2,1,5
Z04,27.03,NE,autumn,cloudy,10.7,2,1,0.5,9
Z05,6.69,NW,autumn,clear,17.2,4,3,0.75,2
Z08,17.8,S,spring,cloudy,9.1,2,2,1,1
Z04,20.22,W,summer,clear,10,4,2,0.5,8
Z06,6.37,S,summer,rain,8.1,4,2,0.5,2
Z05,9.67,N,autumn,clear,9,2,1,0.5,1
Z04,12.74,SW,summer,clear,24.9,3,1,0.333,4
Z07,26.76,NE,summer,cloudy,14.4,2,1,0.5,9
Z02,0,SW,autumn,clear,12.8,2,1,0.5,0
Z03,14.23,SE,autumn,clear,11.3,2,2,1,3
Z02,12.65,NW,summer,clear,29,2,2,1,9
Z06,6.3,NW,autumn,fog,3,3,2,0.667,1
Z06,15.81,SW,winter,clear,19.5,3,2,0.667,8
Z03,18.19,N,spring,clear,11.7,4,0,0,1
Z01,0,E,autumn,rain,26.2,3,2,0.667,0
Z04,13.88,NW,summer,clear,28.9,2,2,1,2
Z08,15.49,N,summer,rain,9.5,3,2,0.667,14
Z01,11.79,NE,summer,clear,4.8,3,1,0.333,1
Z05,3.54,SW,autumn,rain,30.3,2,2,1,2
Z04,4.33,NW,spring,rain,19.9,4,2,0.5,4
Z02,15.01,NW,summer,clear,6.7,3,3,1,4
Z06,14.25,N,spring,clear,14.6,2,1,0.5,2
Z06,16.86,NW,winter,cloudy,31.6,2,2,1,5
Z07,15.97,NE,autumn,rain,17.8,2,1,0.5,10
Z04,11.28,W,summer,rain,10.2,2,2,1,6
Z07,9.4,NW,summer,clear,12.6,3,1,0.333,1
Z06,14.95,N,autumn,cloudy,25.1,4,4,1,4
Z07,10.54,NE,spring,clear,37.5,4,3,0.75,6
Z03,7.92,E,summer,cloudy,19.1,4,3,0.75,0
Z08,4.37,NE,autumn,rain,33.7,2,1,0.5,1
Z06,25.64,N,spring,clear,19,2,2,1,8
Z05,2.02,N,autumn,snow,19.4,4,3,0.75,0
Z07,7.18,N,spring,clear,3.3,3,1,0.333,1
Z02,13.79,SE,winter,cloudy,20.5,4,4,1,1
Z08,18.65,NW,summer,rain,13.8,4,4,1,11
Z07,3.5,S,summer,clear,17.5,4,3,0.75,3
Z08,23.63,SE,summer,clear,15.7,2,2,1,6
Z03,11.37,W,summer,clear,9.9,4,3,0.75,2
Z04,11.64,N,summer,clear,35.3,3,3,1,6
Z04,11.69,SE,summer,snow,34.9,2,2,1,4
Z01,17.7,NW,spring,clear,18.1,4,4,1,3
Z03,10.3,W,autumn,clear,14.6,2,2,1,1
Z04,12.22,S,autumn,clear,26.3,3,1,0.333,5
Z07,8.95,NE,winter,clear,29,3,1,0.333,1
Z08,16.78,W,spring,rain,22.4,4,3,0.75,9
Z01,8.53,SE,spring,cloudy,20.9,4,4,1,3
Z05,24.34,W,autumn,clear,22.6,2,1,0.5,6
Z03,3.54,NE,spring,clear,34.2,4,2,0.5,1
Z03,1.21,S,summer,clear,11.7,4,2,0.5,0
Z05,1.48,W,spring,fog,6.5,3,1,0.333,0
Z03,1.61,N,summer,cloudy,19.8,2,1,0.5,2
Z03,9.68,N,winter,rain,24.4,2,2,1,4
Z07,14.77,N,spring,clear,22.5,2,2,1,7
Z05,7.02,NW,autumn,cloudy,37.5,3,2,0.667,2
Z07,14.17,SE,spring,clear,14.7,4,3,0.75,3
Z02,7.97,W,spring,cloudy,29.8,3,2,0.667,5
Z05,10.07,E,winter,cloudy,15.2,4,2,0.5,1
Z08,0,NW,winter,clear,23.3,2,1,0.5,0
Z06,10.66,N,summer,rain,31.4,3,1,0.333,6
Z01,2.83,N,winter,rain,30.5,2,2,1,2
Z01,12.74,W,summer,rain,28.6,2,1,0.5,5
Z08,21.66,S,autumn,clear,27.9,4,4,1,3
Z02,12.33,NE,autumn,clear,23.3,3,2,0.667,3
Z03,11.48,SW,winter,cloudy,38,4,0,0,4
Z07,14.75,W,summer,clear,27,2,1,0.5,2
Z02,6.56,N,winter,clear,13.7,4,3,0.75,3
Z05,0.06,N,summer,cloudy,8.7,4,3,0.75,0
Z06,0,NE,winter,clear,22.6,2,1,0.5,0
Z08,4.34,NW,summer,clear,15.5,3,2,0.667,1
Z03,12.84,SE,summer,clear,3,2,1,0.5,1
Z07,18.91,S,spring,clear,3,3,2,0.667,4
Z08,18.47,S,spring,rain,22.1,3,2,0.667,9
Z06,15.59,NW,summer,clear,13.7,4,3,0.75,6
Z04,12.58,N,autumn,rain,27,3,2,0.667,5
Z04,2.34,S,spring,rain,26.6,4,3,0.75,2
Z06,6.58,NW,summer,cloudy,10,4,3,0.75,2
Z03,20.88,SE,winter,clear,17.5,4,3,0.75,7
Z04,11.21,SE,winter,clear,22.7,2,2,1,1
Z02,13.38,NW,winter,snow,10.9,3,2,0.667,2
Z08,15.14,N,autumn,cloudy,5.6,2,1,0.5,6
Z01,8.05,S,spring,clear,24.1,4,3,0.75,4
Z06,12.89,W,summer,clear,44,3,2,0.667,5
Z08,18.66,W,spring,clear,19.9,2,2,1,5
Z06,0,NE,autumn,cloudy,36.2,4,3,0.75,0
Z04,21.98,SW,summer,rain,34.6,3,2,0.667,11
Z05,13.57,SE,summer,cloudy,38,2,1,0.5,6
Z05,2.28,E,spring,cloudy,3,3,2,0.667,0
Z08,18.43,W,autumn,rain,20.2,3,1,0.333,11
Z01,26.13,S,winter,rain,3,3,2,0.667,9
Z01,9.59,N,winter,clear,12.9,4,3,0.75,2
Z03,2.18,W,autumn,snow,14.5,2,1,0.5,0
Z07,3.24,N,spring,cloudy,3.3,3,2,0.667,0
Z07,7.64,S,summer,clear,16.7,4,4,1,3
Z02,21.1,SW,autumn,cloudy,20.6,4,4,1,7
Z06,19.04,S,winter,rain,28,2,1,0.5,20
Z02,8.97,NE,summer,cloudy,13.9,2,1,0.5,1
Z05,12.09,W,winter,rain,26,4,4,1,5
Z05,12.68,SW,autumn,cloudy,16.7,3,1,0.333,1
Z01,20.8,N,spring,cloudy,8.2,2,0,0,5
Z05,13.92,S,winter,clear,17.9,4,2,0.5,1
Z04,22.01,NW,winter,clear,28.4,4,2,0.5,5
Z02,8.27,N,autumn,clear,9.9,2,2,1,2
Z04,14.29,SW,spring,clear,18.2,4,3,0.75,3
Z08,19.26,N,summer,clear,28.8,2,2,1,4
Z04,11.67,NW,summer,clear,32,4,1,0.25,4
Z05,0,SE,spring,rain,16.1,2,1,0.5,0
Z08,13.54,NE,spring,clear,24.1,3,1,0.333,3
Z06,15.42,SE,spring,clear,18.3,4,1,0.25,4
Z04,11.28,NE,spring,clear,8,3,2,0.667,1
Z04,15.4,NE,winter,cloudy,30.1,2,2,1,3
Z06,5.65,NE,summer,cloudy,24.2,4,3,0.75,1
Z08,10.76,S,summer,fog,27.9,3,2,0.667,3
Z02,17.98,W,autumn,cloudy,29.1,3,2,0.667,8
Z05,8.22,NW,spring,clear,14.1,3,1,0.333,1
Z08,3.46,S,spring,cloudy,15.8,2,1,0.5,0
Z03,14.81,W,summer,rain,22.2,3,0,0,7
Z06,8.37,NE,autumn,clear,23,4,3,0.75,1
Z04,15.03,N,winter,snow,32.3,4,4,1,5
Z04,7.16,SW,summer,clear,31.9,2,0,0,3
Z03,12.71,SW,spring,snow,9.6,2,1,0.5,1
Z03,12.54,SW,autumn,rain,21.4,4,3,0.75,8
Z01,25.69,SW,spring,rain,28.1,2,1,0.5,8
Z05,9.02,W,summer,clear,22.9,3,0,0,2
Z07,30.73,NW,autumn,cloudy,24.4,3,3,1,6
Z05,7.93,W,spring,clear,20.9,4,2,0.5,5
Z07,13.8,E,summer,clear,17.5,3,1,0.333,2
Z01,5.77,SE,spring,clear,28.6,3,3,1,0
Z03,14.87,SW,spring,rain,3.6,2,1,0.5,9
Z07,19.66,E,autumn,cloudy,33.1,3,0,0,10
Z08,17.71,E,winter,cloudy,29.4,2,1,0.5,6
Z06,15.08,W,autumn,snow,16.6,4,3,0.75,2
Z05,0.2,N,summer,snow,34.1,2,0,0,0
Z03,8.88,SE,winter,rain,30.5,4,4,1,3
Z07,4.93,W,autumn,rain,18.5,2,1,0.5,1
Z03,11.18,SE,summer,clear,3.6,3,1,0.333,2
Z02,0,NW,autumn,clear,18.7,3,3,1,0
Z04,2.44,SE,winter,clear,29.9,4,4,1,0
Z01,18.54,W,winter,snow,3,2,0,0,6
Z08,15.21,SE,autumn,clear,31.7,2,1,0.5,4
Z01,15.52,S,winter,clear,24.6,3,2,0.667,8
Z05,8.6,SE,summer,cloudy,35.5,3,2,0.667,4
Z04,18.15,NE,spring,clear,6.2,4,3,0.75,3
Z08,25.11,N,summer,clear,12,2,0,0,7
Z07,7.36,N,spring,clear,3.1,4,3,0.75,1
Z03,26.37,NW,winter,cloudy,14.5,2,1,0.5,5
Z03,0,SW,autumn,rain,17.1,3,2,0.667,0
Z07,0,NE,autumn,clear,27.8,4,1,0.25,0
Z01,8.04,SW,summer,cloudy,25.9,3,2,0.667,0
Z03,4.98,SE,autumn,cloudy,25.8,4,3,0.75,5
Z02,5.85,S,winter,clear,23.2,3,3,1,1
Z04,6.85,NW,autumn,cloudy,14.4,3,2,0.667,1
Z06,12.83,NW,summer,clear,9.6,3,2,0.667,8
Z06,4.72,NW,autumn,clear,19,2,1,0.5,1
Z03,11.98,NE,winter,clear,11.6,4,4,1,2
Z04,5.13,SW,summer,clear,25.6,4,0,0,1
Z07,7.4,W,summer,rain,7.6,3,2,0.667,2
Z08,9.73,SE,winter,clear,20.1,3,1,0.333,4
Z04,19.58,N,summer,rain,14.1,4,1,0.25,11
Z01,12.95,NW,winter,rain,27.9,4,2,0.5,5
Z02,10.69,S,spring,clear,19.8,4,2,0.5,5
Z02,14.26,E,summer,snow,3,2,1,0.5,5
Z03,24.91,N,spring,rain,3,3,3,1,14
Z07,20.04,N,winter,clear,32.7,4,3,0.75,12
Z02,17.46,E,autumn,clear,25.2,3,3,1,4
Z03,9.64,NE,winter,cloudy,8.7,3,1,0.333,1
Z06,6.37,SW,autumn,clear,25.5,4,3,0.75,5
Z01,4.02,NE,summer,cloudy,29,3,0,0,1
Z01,7.22,W,spring,cloudy,29.8,4,4,1,1
Z06,6.4,W,summer,clear,35.1,3,3,1,3
Z07,16.4,SE,spring,clear,25.4,2,2,1,7
Z03,8.8,NW,summer,clear,8.2,2,2,1,1
Z06,1.38,NW,winter,clear,12,3,1,0.333,0
Z04,10.25,N,summer,rain,18.1,3,2,0.667,5
Z03,17.29,SE,summer,cloudy,6.8,3,2,0.667,2
Z04,13.32,SW,summer,clear,30.7,3,1,0.333,6
Z04,2.68,E,spring,rain,7.5,4,2,0.5,1
Z01,0,E,summer,cloudy,36.3,3,2,0.667,0
Z02,21.49,SE,spring,clear,28.8,3,1,0.333,9
Z08,6.16,N,winter,rain,22.4,4,2,0.5,3
Z02,5.37,SW,summer,cloudy,26.8,2,1,0.5,1
Z01,23.37,NE,summer,clear,17.7,3,2,0.667,8
Z07,19.45,S,summer,snow,11.8,4,3,0.75,5
Z08,17.32,NW,summer,rain,19.7,4,3,0.75,8
Z08,4.78,S,winter,clear,6.5,3,2,0.667,2
Z02,6.67,NW,autumn,clear,17.7,4,3,0.75,2
Z05,5.81,NE,winter,cloudy,3,2,2,1,5
Z08,8.09,N,spring,rain,22.4,2,1,0.5,3
Z01,12.94,N,summer,snow,12.8,2,2,1,7
Z05,21.95,SE,summer,snow,15.6,2,1,0.5,7
Z06,17.07,NE,winter,clear,26.2,3,2,0.667,5
Z05,6.8,SW,spring,snow,15.1,2,1,0.5,1
Z08,0,S,winter,snow,19.4,2,2,1,0
Z05,15.17,N,autumn,clear,15.3,3,2,0.667,4
Z02,16.01,NW,winter,rain,41.4,2,0,0,11
Z01,13.72,SW,winter,clear,41.7,2,2,1,4
Z06,25.97,W,summer,fog,28.4,3,1,0.333,8
Z08,15.04,N,spring,clear,3,4,3,0.75,1
Z07,6.99,SE,autumn,cloudy,5.5,3,1,0.333,0
Z03,15.7,SE,winter,clear,8.9,2,1,0.5,3
Z04,23.02,SW,spring,rain,15.9,4,1,0.25,7
Z06,8.95,SW,spring,rain,5,4,1,0.25,3
Z05,11.05,N,spring,clear,34.3,3,2,0.667,0
Z06,0,NE,summer,clear,36.6,4,3,0.75,0
Z01,11.62,NE,spring,cloudy,19.6,3,1,0.333,4
Z01,10.51,E,autumn,clear,35.6,4,3,0.75,1
Z01,3.62,NE,autumn,clear,12.9,4,2,0.5,4
Z06,20.71,N,summer,rain,8.9,3,0,0,13
Z01,6.96,NE,autumn,rain,25,3,3,1,0
Z05,18.54,NW,spring,clear,20.9,3,1,0.333,3
Z08,19.61,N,autumn,clear,25.1,2,2,1,8
Z08,21.12,S,summer,clear,15.7,2,2,1,7
Z03,3.56,NE,spring,cloudy,22.4,2,1,0.5,1
Z04,11.55,NE,summer,rain,22.2,4,1,0.25,7
Z05,1.26,NW,spring,cloudy,28.2,2,1,0.5,0
Z05,4.25,SW,spring,clear,16.7,4,2,0.5,2
Z06,19.33,N,spring,rain,26.7,2,0,0,11
Z08,24.44,N,autumn,fog,35.5,3,1,0.333,8
Z08,8.72,SE,winter,rain,12.1,3,2,0.667,3
Z04,22.78,NE,summer,clear,10.1,2,1,0.5,8
Z08,16.66,NW,winter,cloudy,30,3,2,0.667,4
Z05,14.61,SE,autumn,clear,21,2,1,0.5,3
Z06,9.86,NW,summer,clear,36.5,4,3,0.75,4
Z06,25.86,E,autumn,clear,23.7,2,1,0.5,4
Z03,14.32,S,summer,cloudy,31.9,2,1,0.5,3
Z04,25.16,SW,summer,clear,21.4,2,1,0.5,6
Z07,29.62,W,autumn,clear,9.8,2,2,1,8
Z06,14.32,N,winter,fog,38.3,2,2,1,10
Z03,16.39,NW,spring,clear,8.6,3,1,0.333,6
Z01,14.89,W,winter,cloudy,23.6,4,3,0.75,4
Z07,20.57,NW,summer,snow,34.4,4,2,0.5,7
Z07,21.66,SE,spring,clear,23.3,3,1,0.333,11
Z01,16.14,SW,summer,snow,34.5,4,2,0.5,7
Z04,17.3,N,winter,cloudy,5.7,3,3,1,5
Z06,17.46,NW,spring,clear,16.3,2,0,0,6
Z05,6.5,S,winter,clear,31.4,4,2,0.5,1
Z07,20.13,E,spring,clear,11,2,1,0.5,6
Z06,15.56,SW,spring,clear,18.4,2,2,1,6
Z08,15.14,S,summer,clear,10.7,4,3,0.75,4
Z07,18.8,W,summer,rain,5.2,3,1,0.333,6
Z04,8.81,NE,winter,clear,30,3,1,0.333,5
Z06,16.26,W,winter,clear,26.3,4,2,0.5,5
Z04,9.99,S,winter,cloudy,15.1,4,1,0.25,2
Z03,12.56,S,summer,clear,26.9,3,1,0.333,2
Z06,12.57,SW,winter,clear,22.5,4,2,0.5,4
Z02,14.94,SE,autumn,clear,25.3,2,2,1,2
Z08,4.47,NW,autumn,cloudy,24.5,4,3,0.75,0
Z02,9.73,N,spring,rain,40.8,4,4,1,5
Z02,13.72,W,spring,clear,18.5,2,2,1,4
Z04,11.51,W,spring,clear,18.2,4,2,0.5,4
Z06,13.03,N,summer,cloudy,14.9,4,3,0.75,5
Z08,15.93,SE,autumn,clear,16.7,3,1,0.333,4
Z05,6.74,SE,autumn,rain,15.9,2,1,0.5,0
Z07,7.72,SE,summer,clear,10,3,3,1,7
Z03,0.39,NW,summer,clear,6.4,2,1,0.5,0
Z03,13.66,N,spring,clear,15.8,3,2,0.667,4
Z03,0,N,spring,clear,23.7,3,2,0.667,0
Z05,6.84,W,spring,cloudy,3,3,2,0.667,2
Z05,23.57,S,autumn,clear,4.4,4,2,0.5,2
Z01,18.89,SW,summer,rain,12.9,2,1,0.5,12
Z08,9.95,W,spring,clear,43.9,4,3,0.75,4
Z03,26.58,W,winter,clear,17.2,3,3,1,4
Z07,15.2,S,autumn,rain,31.8,4,2,0.5,6
Z02,10.21,SW,spring,clear,33.3,4,2,0.5,2
Z02,17.8,NE,spring,cloudy,20,3,2,0.667,4
Z08,6.45,SE,winter,rain,21.4,4,3,0.75,7
Z08,11.47,NE,winter,snow,7,3,1,0.333,1
Z05,6.08,W,autumn,clear,3,3,3,1,0
Z04,7.06,W,autumn,clear,28.3,4,3,0.75,0
Z01,10.96,N,summer,rain,20.3,3,0,0,7
Z08,12.39,N,spring,rain,3,3,2,0.667,6
Z06,16.42,SW,winter,rain,29.7,2,2,1,14
Z03,9.72,SW,spring,cloudy,7,3,3,1,0
Z01,12.07,N,summer,cloudy,27.4,4,3,0.75,10
Z03,10.12,NE,summer,clear,30.5,2,1,0.5,1
Z03,6.73,SW,summer,rain,33.9,2,2,1,6
Z01,5.48,SE,summer,clear,5.6,2,1,0.5,1
Z06,21.3,NE,winter,clear,11.9,4,3,0.75,8
Z07,14.64,NE,winter,cloudy,31.2,4,1,0.25,6
Z07,20.19,NW,summer,clear,10.7,3,1,0.333,9
Z02,8.9,NW,spring,clear,26.5,3,2,0.667,2
Z06,0,S,spring,clear,19,3,3,1,0
Z03,15.65,N,spring,rain,25.4,4,1,0.25,7
Z02,14.56,NE,summer,clear,32.7,2,0,0,3
Z08,6.7,E,summer,clear,13.6,3,1,0.333,1
Z07,5.74,N,summer,fog,27.8,2,0,0,3
Z06,6.06,W,winter,rain,30.6,4,2,0.5,6
Z06,7.41,W,summer,clear,24.4,2,1,0.5,3
Z02,10.45,NW,summer,rain,19.3,3,2,0.667,8
Z05,12.78,N,summer,clear,11.4,4,3,0.75,1
Z01,8.76,N,summer,cloudy,42,2,2,1,5
Z05,9.49,N,autumn,rain,3,4,2,0.5,3
Z07,13.58,N,autumn,clear,13.7,2,2,1,5
Z05,5.58,SW,spring,rain,14.1,3,2,0.667,4
Z03,7.28,NW,spring,cloudy,18,2,1,0.5,2
Z03,20.38,SE,winter,clear,16.7,3,1,0.333,5
Z02,4.21,NE,autumn,clear,18.3,4,2,0.5,3
Z05,22.65,SW,winter,clear,10.4,3,3,1,7
Z02,18.16,NE,summer,clear,8.8,3,2,0.667,4
Z01,15.76,N,autumn,fog,22.5,3,1,0.333,9
Z05,9.14,E,winter,clear,19.6,4,3,0.75,2
Z03,12.76,NW,summer,clear,23.3,4,3,0.75,5
Z02,27.36,S,summer,rain,21.3,4,2,0.5,22
Z06,0,SW,spring,rain,24.3,4,3,0.75,0
Z07,12.74,E,autumn,clear,22.1,4,2,0.5,4
Z04,3.48,N,spring,rain,12.9,4,3,0.75,3
Z02,21.54,W,autumn,clear,5.3,3,3,1,4
Z03,13.96,E,winter,clear,22,4,3,0.75,1
Z06,19.55,NW,autumn,clear,3,2,0,0,5
Z05,26.13,SW,spring,cloudy,17.2,3,3,1,10
Z01,8.91,SE,autumn,clear,29.4,2,1,0.5,3
Z01,10.47,E,summer,rain,25.7,2,1,0.5,4
Z08,8.49,NW,winter,fog,11.4,3,3,1,1
Z04,10.14,E,autumn,clear,31.1,2,2,1,2
Z05,1.25,N,spring,clear,20.3,2,1,0.5,0
Z06,11.49,NW,autumn,cloudy,21.4,4,3,0.75,1
Z07,21.39,NW,spring,fog,19.5,4,1,0.25,10
Z01,22.85,E,winter,cloudy,20.8,3,3,1,6
Z07,14.09,W,spring,cloudy,31.2,3,2,0.667,2
Z01,24.83,W,spring,cloudy,7.3,3,3,1,6
Z08,1.6,W,autumn,cloudy,28.3,2,2,1,0
Z05,9.18,NE,autumn,clear,9,2,0,0,2
Z01,11.43,S,autumn,clear,24.4,2,2,1,2
Z04,10.81,N,winter,clear,15.1,4,3,0.75,2
Z04,15.02,SW,autumn,clear,17.6,3,2,0.667,4
Z07,0,N,autumn,cloudy,9.3,4,3,0.75,0
Z07,19.75,W,autumn,rain,6.9,3,2,0.667,16
Z05,6.49,NW,spring,clear,17.3,4,2,0.5,0
Z07,24.21,W,spring,rain,18.5,4,3,0.75,15
Z08,9.14,NE,winter,cloudy,4.2,2,1,0.5,2
Z06,15.94,S,autumn,rain,14.6,2,1,0.5,11
Z05,23.41,NW,summer,clear,23.5,3,3,1,7
Z03,12.81,S,winter,cloudy,11,4,3,0.75,5
Z01,0,S,spring,clear,14.4,3,3,1,0
Z02,14.42,S,summer,rain,29.1,3,1,0.333,9
Z04,10.52,SE,winter,clear,22.5,4,4,1,3
Z03,15.19,W,summer,rain,20.8,2,2,1,8
Z06,8.17,SW,autumn,clear,15,3,0,0,2
Z07,9.04,SW,summer,clear,11.5,4,3,0.75,1
Z08,0,SW,spring,rain,34.4,2,1,0.5,0
Z01,8.47,NE,summer,clear,27.8,4,2,0.5,0
Z08,8.9,S,summer,rain,35.6,4,3,0.75,2
Z05,21.05,SW,spring,clear,26.4,2,1,0.5,7
Z05,12.66,NE,winter,clear,3,2,2,1,1
Z01,16.38,NW,spring,clear,11.2,2,2,1,10
Z02,20.8,SE,summer,clear,16.6,3,3,1,1
Z07,7.33,NW,spring,clear,3,2,2,1,2
Z03,11.01,S,autumn,clear,18.8,3,1,0.333,6
Z08,13.64,SW,autumn,rain,40.7,4,3,0.75,9
Z08,3.05,SE,winter,snow,20.3,3,2,0.667,1
Z06,9.88,NE,summer,clear,3,3,1,0.333,2
Z05,3.61,NE,autumn,clear,32.4,4,3,0.75,1
Z02,9.57,NE,winter,clear,3,4,3,0.75,2
Z04,18.92,W,autumn,clear,11,2,1,0.5,6
Z01,15.68,SW,summer,cloudy,6,4,3,0.75,4
Z07,4.24,NW,spring,cloudy,23.2,4,3,0.75,2
Z06,21.34,W,summer,rain,14.4,3,2,0.667,13
Z04,20.87,S,spring,clear,26.6,4,2,0.5,8
Z05,3.67,SW,summer,cloudy,16.1,3,1,0.333,1
Z01,8.86,E,autumn,rain,20.5,3,1,0.333,6
Z05,11.24,S,autumn,cloudy,18.9,4,3,0.75,4
Z03,7.47,NE,spring,rain,3.1,3,2,0.667,3
Z08,3.53,SW,winter,clear,17.4,3,2,0.667,0
Z06,14.44,SE,summer,rain,3,4,2,0.5,4
Z01,0,NE,winter,cloudy,17.5,3,3,1,0
Z06,9.7,E,spring,snow,19.2,2,2,1,1
Z08,16.21,W,spring,rain,24.8,3,1,0.333,6
Z07,9.93,SW,spring,clear,36.9,4,3,0.75,2
Z05,16.27,W,autumn,clear,4.2,4,2,0.5,3
Z04,3.94,SE,summer,cloudy,31.8,3,2,0.667,1
Z04,10.05,W,spring,cloudy,23.3,4,3,0.75,4
Z05,16.03,NE,autumn,clear,26.4,2,2,1,3
Z02,18.7,W,winter,cloudy,28.4,4,4,1,6
Z07,16.33,SE,summer,cloudy,16,2,1,0.5,6
Z04,11.06,E,spring,rain,9.5,3,2,0.667,6
Z05,4.38,E,winter,cloudy,3.1,2,2,1,1
Z07,0,E,spring,rain,19.1,3,2,0.667,0
Z05,22.36,SE,summer,rain,15.3,3,2,0.667,8
Z08,2.36,N,spring,rain,8.3,2,2,1,1
Z03,14.67,E,spring,clear,14.1,3,2,0.667,8
Z01,2.55,SE,autumn,clear,32.1,2,1,0.5,0
Z03,15.71,NW,autumn,clear,41.3,4,3,0.75,5
Z04,3.29,SW,autumn,cloudy,19.4,4,4,1,1
Z07,21.28,E,autumn,cloudy,3,2,0,0,5
Z06,12.36,S,summer,clear,3,4,2,0.5,2
Z04,11.8,SE,spring,clear,14.6,2,2,1,4
Z04,19.37,NE,autumn,rain,30.8,2,1,0.5,10
Z07,14.75,NW,autumn,clear,14.5,3,3,1,2
Z06,7.45,SE,autumn,snow,10.1,3,1,0.333,0
Z08,6.17,SW,spring,fog,5.1,3,3,1,2
Z07,17.85,NW,spring,clear,13.3,4,3,0.75,4
Z08,12.98,S,spring,clear,29.1,3,3,1,0
Z08,14.64,E,summer,clear,22.9,3,1,0.333,5
Z07,12.33,N,summer,clear,23.7,3,3,1,2
Z08,3.49,NW,autumn,rain,36.1,2,2,1,0
Z01,32.1,W,winter,cloudy,24.7,2,1,0.5,15
Z03,25.23,S,summer,rain,20.1,4,1,0.25,19
Z07,7.91,NE,winter,fog,19.8,2,1,0.5,1
Z04,10.65,SW,spring,snow,10.6,3,2,0.667,6
Z03,24.85,NW,spring,cloudy,25.3,2,1,0.5,16
Z05,7.56,SE,winter,clear,46,2,1,0.5,2
Z08,9.93,NE,summer,cloudy,30.4,3,1,0.333,3
Z01,10.35,W,winter,rain,15.9,2,1,0.5,4
Z02,11.31,SW,summer,rain,28.8,3,2,0.667,6
Z08,21.31,S,autumn,clear,38.1,3,1,0.333,7
Z07,15.22,NE,winter,rain,26.4,3,1,0.333,5
Z01,12.9,NE,spring,snow,29.3,2,1,0.5,1
Z02,8.16,NE,spring,rain,10.8,3,2,0.667,1
Z03,8.01,N,winter,clear,20.1,3,3,1,2
Z08,18.26,NW,winter,rain,16.7,2,1,0.5,6
Z07,14.78,S,winter,snow,15.3,3,3,1,7
Z05,14.39,N,autumn,cloudy,3,3,3,1,3
Z06,10.82,E,spring,clear,30.2,2,2,1,2
Z01,18.9,S,autumn,rain,26.2,3,3,1,15
Z08,20.5,SE,autumn,clear,33.4,3,1,0.333,9
Z01,10.48,W,summer,clear,18,4,4,1,1
Z04,18.52,SE,spring,rain,39.2,3,3,1,13
Z07,14.59,N,spring,rain,5.2,4,1,0.25,4
Z06,15.18,W,autumn,clear,20.7,2,2,1,3
Z02,19.89,W,winter,clear,7.8,4,1,0.25,3
Z08,16.89,E,winter,snow,28.9,4,3,0.75,10
Z06,17.61,NE,winter,fog,16.4,3,1,0.333,5
Z02,1.14,E,summer,rain,33.9,4,2,0.5,0
Z01,4.82,SE,autumn,clear,3,4,3,0.75,0
Z04,8.66,E,summer,clear,20.3,4,3,0.75,3
Z08,17.62,SE,winter,clear,30.2,3,0,0,6
Z07,6.45,W,summer,rain,23.8,4,3,0.75,1
Z01,10.66,SW,autumn,clear,17.9,2,2,1,2
Z02,8.27,SE,summer,clear,17,4,2,0.5,3
Z01,9.62,N,spring,clear,13.9,3,1,0.333,1
Z04,0,W,spring,cloudy,24.5,4,4,1,0
Z03,8.35,SE,summer,snow,11.8,4,3,0.75,1
Z03,9.91,SW,summer,cloudy,15.2,2,2,1,4
Z03,7.32,S,autumn,cloudy,19.2,4,3,0.75,2
Z07,6.98,N,autumn,rain,17.9,4,2,0.5,2
Z05,6.04,SE,spring,clear,12.1,3,3,1,1
Z06,7.36,NW,summer,clear,22.3,3,3,1,0
Z05,7.31,N,summer,cloudy,18.3,3,2,0.667,3
Z06,15.91,W,spring,clear,11,4,3,0.75,4
Z06,2.67,SE,winter,cloudy,32.3,4,3,0.75,2
Z04,16.87,NE,summer,clear,30.5,4,3,0.75,6
Z04,5.35,E,autumn,cloudy,17.9,3,1,0.333,2
Z08,6.82,SW,spring,cloudy,32.7,4,3,0.75,1
Z05,21.58,W,summer,clear,25.2,4,1,0.25,6
Z07,11.95,NW,autumn,clear,25.8,2,0,0,4
Z04,17.46,E,winter,clear,3,3,3,1,2
Z01,13.85,SW,winter,cloudy,30.6,4,4,1,7
Z01,14.76,SW,summer,cloudy,6.9,4,2,0.5,2
Z07,18.81,SW,spring,clear,30.9,2,2,1,7
Z01,1.39,SW,winter,rain,14.1,2,1,0.5,0
Z05,15.27,S,spring,rain,7.5,2,1,0.5,10
Z03,24.27,S,summer,rain,23.9,4,1,0.25,13
Z04,11.34,E,autumn,clear,26.1,4,2,0.5,2
Z07,14.48,SE,spring,clear,24.1,3,1,0.333,1
Z03,18.93,NW,spring,clear,8.4,4,3,0.75,7
Z06,12.32,SW,autumn,clear,13.7,3,2,0.667,4
Z01,5.2,W,winter,snow,17.7,3,2,0.667,2
Z01,8.96,NW,spring,cloudy,3,4,3,0.75,1
Z04,0.18,SW,summer,rain,13,3,2,0.667,0
Z03,0,N,summer,clear,8.2,3,1,0.333,0
Z01,8.3,SW,summer,clear,23.1,3,2,0.667,3
Z05,9.92,SW,spring,clear,14.1,3,2,0.667,6
Z08,5.35,W,spring,clear,26,3,2,0.667,2
Z03,21.94,SW,summer,clear,24.6,3,2,0.667,5
Z02,18.58,N,autumn,clear,24.7,4,2,0.5,7
Z07,13.51,SW,spring,rain,3,2,1,0.5,10
Z03,7.06,SW,spring,clear,15.3,3,1,0.333,2
Z01,3.49,E,spring,cloudy,20,4,2,0.5,1
Z01,0.33,NW,winter,clear,14.5,3,2,0.667,0
Z05,0,S,winter,clear,8.8,4,2,0.5,0
Z05,11.58,SW,spring,clear,25,2,1,0.5,1
Z05,0,E,spring,clear,20.1,4,3,0.75,0
Z07,21.3,E,summer,clear,24.1,3,1,0.333,8
Z02,19.35,SW,spring,cloudy,3,2,1,0.5,5
Z05,10.75,N,summer,rain,20.2,3,1,0.333,2
Z05,10.43,NE,winter,clear,7,3,1,0.333,1
Z03,10.53,SE,autumn,clear,45.3,4,2,0.5,3
Z02,13.01,SW,spring,rain,29.7,3,1,0.333,7
Z01,18.66,NE,summer,clear,3,4,1,0.25,6
Z08,5.47,W,summer,clear,18.5,3,2,0.667,0
Z07,12.25,SW,spring,clear,10.9,4,2,0.5,1
Z07,17.61,NW,summer,clear,36.1,4,2,0.5,6
Z07,12.1,E,summer,clear,11.9,3,1,0.333,2
Z01,12.25,E,autumn,clear,36.1,3,2,0.667,7
Z05,18.17,S,spring,clear,3,4,4,1,2
Z08,17.42,S,spring,clear,3,3,2,0.667,4
Z04,2.35,SW,summer,clear,3,2,1,0.5,2
Z04,14.33,N,winter,clear,18.8,3,3,1,4
Z07,12.62,N,summer,rain,19.3,3,2,0.667,7
Z08,1.42,E,spring,cloudy,11.7,3,2,0.667,1
Z02,14.52,SE,autumn,cloudy,23.2,3,0,0,6
Z08,5.37,S,autumn,clear,22.6,3,1,0.333,2
Z06,3.47,NW,spring,rain,10.9,2,1,0.5,0
Z05,13.27,SW,winter,cloudy,21.3,4,3,0.75,3
Z04,4.6,NE,summer,clear,33.3,2,1,0.5,3
Z06,3.38,W,summer,clear,24.2,2,1,0.5,0
Z01,7.78,S,winter,clear,15.7,2,1,0.5,3
Z06,0,SE,summer,rain,13.4,2,2,1,0
Z07,0,NW,summer,cloudy,10.6,3,1,0.333,0
Z05,12.31,E,winter,clear,28.2,2,0,0,1
Z01,16.52,NE,spring,rain,47.8,3,2,0.667,9
Z06,7.64,SW,winter,clear,25.9,3,3,1,1
Z03,12.78,SE,autumn,clear,9.8,4,1,0.25,4
Z06,11.51,NE,spring,cloudy,30.1,4,4,1,6
Z01,0,E,autumn,clear,8.5,2,2,1,0
Z06,12.59,SE,summer,snow,31.6,2,1,0.5,11
Z01,19.04,W,summer,clear,6.4,2,1,0.5,5
Z07,9.82,NE,summer,clear,3,4,1,0.25,1
Z03,17.5,SE,summer,rain,15.7,4,2,0.5,10
Z08,10.48,NW,winter,fog,23.1,3,2,0.667,6
Z06,9.72,SE,spring,rain,27.5,3,0,0,5
Z06,14.13,NW,summer,clear,39.3,3,2,0.667,6
Z06,16.76,SE,spring,rain,17.2,2,1,0.5,5
Z07,12.3,E,winter,cloudy,29.7,2,1,0.5,3
Z01,2.2,SE,winter,snow,23.8,4,3,0.75,0
Z08,22.4,W,spring,clear,4.4,4,3,0.75,8
Z08,10.37,N,spring,rain,35,2,0,0,2
Z02,6.63,E,summer,clear,18.5,4,3,0.75,0
Z02,18.37,SW,winter,fog,23.4,3,0,0,7
Z01,8.47,NE,summer,clear,18.1,2,1,0.5,1
Z06,5.7,E,autumn,clear,3,3,3,1,1
Z05,9.59,NW,winter,clear,32.8,4,3,0.75,1
Z04,19.23,S,spring,cloudy,27.7,4,3,0.75,10
Z08,0,NW,spring,fog,18.8,4,2,0.5,0
Z04,22.66,SW,spring,cloudy,9.2,2,2,1,7
Z06,22.15,W,winter,clear,3,2,2,1,14
Z04,3.21,N,summer,clear,17.9,4,3,0.75,1
Z02,15.79,W,spring,clear,22.3,2,2,1,9
Z07,0,SW,summer,rain,9.6,2,1,0.5,0
Z03,5.75,W,summer,clear,3.1,2,2,1,3
Z07,9.91,NW,summer,clear,20.4,4,1,0.25,4
Z06,0,N,spring,cloudy,21.5,2,2,1,0
Z02,2.96,SE,spring,rain,35.4,3,3,1,2
Z03,18.13,NW,winter,cloudy,12.6,2,1,0.5,6
Z06,22.39,S,spring,cloudy,5.3,4,3,0.75,5
Z08,10.96,W,spring,clear,18.2,4,3,0.75,2
Z01,13.8,E,winter,clear,24.6,2,2,1,3
Z07,13.46,N,summer,clear,17.9,3,2,0.667,6
Z01,7.62,NW,summer,rain,20.7,3,1,0.333,2
Z01,18.75,SE,spring,clear,18.9,4,3,0.75,2
Z03,18.26,S,spring,clear,16.7,2,2,1,4
Z02,14.62,N,winter,rain,23.9,2,2,1,6
Z05,3.98,S,autumn,cloudy,3,4,3,0.75,1
Z07,13.3,N,autumn,cloudy,14,2,1,0.5,1
Z02,19.21,E,winter,cloudy,31.7,3,2,0.667,7
Z04,9.71,N,winter,clear,28.1,3,2,0.667,1
Z01,25.16,S,summer,clear,6.7,3,1,0.333,6
Z05,8.72,NE,summer,cloudy,12.2,4,2,0.5,1
Z04,12.2,NW,summer,clear,24.3,2,1,0.5,4
Z07,8.44,E,winter,clear,29.2,2,1,0.5,2
Z04,7.83,SW,autumn,clear,26.4,2,2,1,0
Z03,6.25,SW,summer,clear,24.8,2,1,0.5,0
Z01,17.07,W,autumn,clear,38,4,3,0.75,8
Z07,12.7,NE,winter,clear,30.4,2,1,0.5,3
Z07,2.2,SE,winter,clear,13,4,2,0.5,3
Z03,15.7,S,spring,clear,37.9,2,2,1,3
Z01,4.11,SW,winter,clear,19,2,2,1,3
Z07,9.69,W,winter,clear,3,4,1,0.25,1
Z05,11.94,N,autumn,rain,6.9,4,4,1,5
Z07,19.31,W,autumn,cloudy,5.9,2,1,0.5,2
Z08,9.64,N,summer,snow,13.8,4,3,0.75,1
Z03,13.76,N,spring,rain,33.8,4,2,0.5,10
Z02,21.24,W,spring,cloudy,22.6,3,2,0.667,6
Z06,12.81,SW,winter,rain,15.5,4,4,1,5
Z01,21.93,S,winter,fog,3,3,3,1,4
Z04,25.6,W,summer,clear,24.1,2,0,0,8
Z02,11.64,W,summer,rain,29.2,3,1,0.333,3
Z02,8.49,NE,summer,cloudy,34.1,2,2,1,2
Z08,16.47,SE,spring,clear,19.9,3,3,1,2
Z04,11.11,N,winter,clear,4.5,3,1,0.333,3
Z04,5.6,NW,summer,clear,37.4,3,1,0.333,1
Z03,14.5,SE,summer,cloudy,4.2,2,2,1,5
Z02,16.98,SE,autumn,snow,18.2,2,2,1,4
Z07,15.07,NW,spring,rain,21.1,2,1,0.5,4
Z05,5.92,NE,autumn,clear,10.7,2,2,1,2
Z06,4.83,N,winter,clear,26.5,2,2,1,1
Z03,7.86,E,autumn,clear,30.6,4,3,0.75,2
Z08,6.89,W,autumn,clear,10.7,4,3,0.75,0
Z05,9.76,SW,summer,clear,23.8,3,2,0.667,5
Z05,16.85,SW,spring,clear,26,2,1,0.5,3
Z03,5.67,S,autumn,rain,24.3,2,1,0.5,5
Z06,1.22,NE,autumn,clear,19,2,1,0.5,0
Z05,9.19,SE,autumn,clear,15.3,2,1,0.5,2
Z01,21.86,N,spring,rain,39.9,3,2,0.667,21
Z02,22.44,S,spring,clear,22.3,2,1,0.5,4
Z04,13.03,SW,winter,clear,11.8,4,2,0.5,7
Z03,3.46,S,autumn,rain,8.7,4,3,0.75,0
Z07,16.91,NE,winter,snow,19.6,3,0,0,6
Z04,10.49,SW,summer,clear,39.9,4,0,0,7
Z03,6.02,E,spring,rain,30.1,4,2,0.5,3
Z06,28.86,E,spring,clear,3.3,4,2,0.5,12
Z08,8.28,NE,autumn,clear,3,2,1,0.5,1
Z04,11.3,NE,spring,clear,28.5,4,3,0.75,2
Z02,15.8,NW,spring,rain,29.6,4,2,0.5,9
Z08,17.02,SW,summer,clear,32.6,2,2,1,7
Z05,12.96,NE,autumn,cloudy,17.9,2,1,0.5,3
Z03,16.15,E,winter,rain,3,3,1,0.333,5
Z06,20.31,N,spring,clear,16.2,3,2,0.667,7
Z03,9.67,E,autumn,rain,13.7,4,2,0.5,3
Z01,0,SW,autumn,rain,26.5,4,2,0.5,0
Z02,16.7,N,autumn,clear,31.2,4,2,0.5,5
Z06,18.71,E,summer,clear,21.4,2,0,0,9
Z05,15.18,NE,spring,clear,11.8,2,0,0,1
Z01,25.39,N,autumn,cloudy,22.4,4,2,0.5,16
Z07,14.9,NE,autumn,cloudy,10.1,3,3,1,4
Z04,13.58,E,spring,clear,24.5,3,2,0.667,2
Z08,12.18,NE,summer,rain,18.8,2,1,0.5,9
Z07,10.72,E,winter,clear,3,3,3,1,1
Z01,14.88,E,autumn,cloudy,23.5,4,3,0.75,5
Z04,10.35,E,winter,clear,16.9,3,2,0.667,0
Z05,20.39,NW,autumn,clear,32.5,2,1,0.5,9
Z01,24.43,NE,winter,clear,9.8,4,2,0.5,6
Z07,2.89,N,spring,rain,16,2,0,0,1
Z08,7.45,N,summer,rain,3,3,2,0.667,2
Z01,9.25,NE,winter,clear,9.2,3,2,0.667,1
Z07,16.06,SE,spring,clear,17,3,2,0.667,7
Z03,17.87,NW,autumn,clear,29,2,1,0.5,7
Z08,25.3,SW,spring,clear,21.2,3,0,0,9
Z05,0,E,summer,clear,10.1,3,1,0.333,0
Z06,4.15,E,winter,fog,19.3,4,4,1,2
Z06,15.41,W,autumn,clear,21.2,4,3,0.75,4
Z07,19.43,SE,autumn,rain,27.9,4,4,1,15
Z04,8.71,E,autumn,clear,3,2,1,0.5,1
Z07,12.3,NW,autumn,clear,12.1,3,2,0.667,1
Z03,21.01,E,autumn,clear,3.1,3,2,0.667,6
Z03,0,S,spring,clear,3,4,3,0.75,0
Z08,10.6,W,spring,clear,25.3,2,1,0.5,2
Z07,6.18,N,summer,clear,28,3,2,0.667,0
Z08,3.57,S,autumn,rain,19.7,4,0,0,2
Z01,6.63,NW,summer,cloudy,8.2,3,2,0.667,2
Z03,25.73,SE,autumn,rain,19.1,2,1,0.5,15
Z08,19.7,SW,autumn,clear,25.6,4,2,0.5,4
Z01,1.69,N,autumn,cloudy,26.9,4,4,1,0
Z06,20.16,S,autumn,clear,26.5,2,2,1,8
Z04,17.7,NW,spring,clear,22,2,1,0.5,8
Z05,2.53,SE,autumn,clear,10.1,4,3,0.75,0
Z07,10.5,NE,autumn,clear,9.3,2,2,1,1
Z04,12.12,SE,summer,cloudy,19.5,4,1,0.25,2
Z02,20.87,N,autumn,cloudy,14.1,2,2,1,5
Z04,11.73,E,spring,clear,14.1,2,2,1,3
Z08,5.38,W,spring,clear,27.9,4,4,1,1
Z06,20.72,E,autumn,clear,20.4,4,2,0.5,4
Z06,3.94,W,summer,clear,22.3,2,1,0.5,1
Z05,22.96,SW,spring,clear,19.2,2,0,0,5
Z07,9.01,W,autumn,clear,12.1,3,3,1,2
Z01,1.85,W,spring,fog,33,3,1,0.333,1
Z08,6.24,SW,winter,cloudy,21,4,1,0.25,1
Z01,11.2,S,autumn,rain,6.4,3,0,0,3
Z03,14.57,SW,autumn,clear,33.5,2,2,1,6
Z08,18.23,SW,winter,clear,33.4,4,1,0.25,3
Z01,21.39,N,winter,clear,21.3,3,1,0.333,6
Z05,12.71,SW,summer,cloudy,16,3,1,0.333,4
Z04,17.51,S,summer,clear,4.3,4,3,0.75,3
Z08,8.28,NW,autumn,clear,29.4,2,1,0.5,1
Z06,10.92,E,autumn,clear,13.7,4,3,0.75,1
Z05,22.73,S,spring,clear,15.6,2,0,0,3
Z02,25.45,W,autumn,rain,31.3,2,1,0.5,20
Z07,12.47,SE,summer,clear,34,3,3,1,8
Z01,16.66,N,summer,fog,7.8,3,0,0,9
Z04,13.17,W,spring,cloudy,29.1,4,1,0.25,4
Z05,19.77,N,summer,cloudy,29.2,3,2,0.667,5
Z04,12.66,NW,winter,rain,24.5,2,1,0.5,13
Z01,16.08,N,spring,rain,19.1,2,0,0,19
Z07,11.86,S,autumn,clear,11.8,3,2,0.667,2
Z02,22.71,NE,summer,clear,5.1,3,3,1,2
Z05,6.66,S,spring,clear,17.6,4,2,0.5,1
Z04,29.01,NW,summer,rain,14.8,2,1,0.5,13
Z06,13.87,SW,winter,cloudy,17.3,3,2,0.667,3
Z03,3.55,S,autumn,clear,29,2,2,1,0
Z04,0,S,winter,clear,19.8,4,4,1,0
Z01,11.58,N,summer,rain,7.2,2,1,0.5,5
Z01,18.35,N,spring,rain,16.1,4,0,0,16
Z06,0,W,spring,clear,32.2,3,1,0.333,0
Z07,19.82,NW,winter,rain,21.8,3,1,0.333,8
Z05,13.94,NE,summer,cloudy,24.6,3,1,0.333,1
Z06,17.84,W,summer,rain,25.4,3,1,0.333,9
Z06,4.02,NW,autumn,clear,17.4,2,2,1,0
Z06,20.36,N,autumn,clear,29.7,3,2,0.667,2
Z06,0,SE,summer,clear,28.8,4,2,0.5,0
Z01,8.53,NW,winter,clear,3,2,2,1,2
Z01,9.41,W,summer,clear,27.3,4,1,0.25,2
Z06,0,NE,autumn,clear,12.3,3,2,0.667,0
Z03,7.98,N,winter,rain,14.2,3,2,0.667,0
Z03,2.5,NW,summer,clear,3,4,3,0.75,1
Z03,7.44,SW,winter,rain,29.8,4,3,0.75,2
Z04,25.95,SE,summer,snow,10.6,3,2,0.667,12
Z06,3.82,NW,spring,rain,17.3,3,3,1,1
Z03,23.9,S,summer,cloudy,6.8,4,3,0.75,9
Z07,19.14,E,spring,clear,13.5,3,2,0.667,6
Z02,10.59,S,spring,rain,10.8,3,0,0,5
Z02,15.98,SE,spring,clear,34.1,4,0,0,10
Z07,16.47,SE,winter,cloudy,14.4,2,0,0,8
Z03,12.97,SE,spring,clear,15.8,3,1,0.333,1
Z04,16.03,N,autumn,cloudy,17.9,4,2,0.5,2
Z01,9.64,NW,winter,clear,18.7,3,2,0.667,0
Z07,17.58,NE,autumn,clear,42,4,1,0.25,3
Z05,1.2,N,summer,cloudy,25,3,3,1,0
Z04,21.02,N,summer,clear,24.5,4,2,0.5,10
Z08,10.39,SE,winter,clear,23.9,4,2,0.5,2
Z05,8.4,W,spring,snow,24.9,2,0,0,4
Z05,10.55,S,summer,clear,38.3,3,1,0.333,5
Z05,21.46,N,summer,clear,26.6,3,3,1,8
Z02,1.83,E,spring,rain,3,3,3,1,1
Z07,3.53,SE,autumn,clear,19.1,3,3,1,0
Z06,26.2,SE,spring,rain,10.1,4,0,0,14
Z06,3.96,W,autumn,cloudy,24.8,4,4,1,2
Z06,7.47,E,summer,fog,37,4,1,0.25,2
Z08,0,E,summer,clear,11.3,4,3,0.75,0
Z03,7.16,W,spring,clear,5.5,3,3,1,1
Z06,10.79,S,autumn,fog,18.5,3,2,0.667,4
Z04,18.27,N,spring,clear,24.1,2,2,1,6
Z08,2.86,N,summer,clear,7.1,3,1,0.333,0
Z05,15.06,SE,spring,clear,6.8,2,1,0.5,1
Z02,13.75,NE,spring,clear,10.4,4,2,0.5,4
Z03,0.95,S,summer,clear,28.7,3,2,0.667,0
Z02,12.28,E,autumn,rain,27.9,3,0,0,5
Z04,13,NW,summer,clear,9.2,2,1,0.5,6
Z04,14.89,N,winter,clear,40.4,3,2,0.667,1
Z07,21.05,W,summer,rain,3,3,2,0.667,12
Z05,5.87,W,winter,fog,4.8,4,1,0.25,1
Z01,18.41,SE,spring,rain,40.2,2,0,0,14
Z03,4.31,SW,spring,cloudy,3,2,0,0,0
Z03,9.82,NE,summer,clear,42.7,4,1,0.25,5
Z05,0,E,autumn,fog,29.4,4,4,1,0
Z05,23.37,E,spring,clear,36.9,2,1,0.5,8
Z08,7.27,NW,spring,rain,21.1,3,1,0.333,2
Z03,11.36,SW,autumn,clear,18.9,4,1,0.25,7
Z01,15.1,NW,autumn,clear,16.2,2,1,0.5,2
Z06,9.67,NW,summer,fog,12.1,4,4,1,1
Z07,29.94,NW,winter,clear,11.1,2,2,1,8
Z03,13.08,SW,summer,clear,18.4,4,3,0.75,5
Z04,19.62,SW,spring,clear,27.1,3,2,0.667,6
Z07,2.14,NW,autumn,rain,32.4,3,3,1,0
Z01,18.84,N,summer,clear,6.4,2,2,1,11
Z06,15.36,NW,winter,cloudy,11,2,2,1,3
Z05,4.03,E,spring,snow,26.5,4,3,0.75,1
Z02,16.77,SW,summer,clear,15.4,3,2,0.667,5
Z02,9.66,N,autumn,snow,34,2,0,0,0
Z08,13.78,SW,spring,fog,25,4,1,0.25,7
Z01,5.28,W,spring,cloudy,24.6,3,2,0.667,1
Z05,25.82,N,autumn,clear,13.9,2,2,1,10
Z06,12.26,W,autumn,clear,16.6,4,2,0.5,4
Z06,21.31,E,spring,clear,3,4,2,0.5,3
Z03,15.17,N,summer,snow,8.6,2,1,0.5,3
Z05,24.55,SW,autumn,clear,23.1,3,3,1,7
Z02,6.39,N,summer,clear,25.6,4,3,0.75,0
Z02,8.56,NE,autumn,clear,16.7,3,2,0.667,3
Z03,9.96,NW,summer,snow,25.6,3,1,0.333,4
Z03,7.33,E,autumn,cloudy,16.5,2,2,1,0
Z04,16.96,SW,summer,clear,20.7,3,2,0.667,6
Z04,17.84,NW,summer,cloudy,3,2,2,1,8
Z07,13.21,NW,summer,clear,18.1,4,4,1,7
Z02,10.79,SW,spring,clear,11.7,2,1,0.5,1
Z05,24.67,N,spring,clear,32.6,3,1,0.333,11
Z01,12.95,N,spring,clear,25.4,2,2,1,4
Z07,3.8,SE,winter,cloudy,18,4,1,0.25,0
Z08,5.56,N,summer,rain,40.6,3,0,0,1
Z07,21.1,S,summer,clear,23,4,3,0.75,7
Z07,1.42,S,autumn,clear,29,3,3,1,0
Z01,14.7,S,spring,clear,22.1,3,2,0.667,2
Z03,4.02,E,winter,cloudy,11.8,3,3,1,0
Z03,0.01,NW,winter,clear,14.8,2,1,0.5,0
Z02,12.76,NW,winter,cloudy,27.9,4,2,0.5,4
Z03,18.81,W,summer,snow,3.6,3,1,0.333,9
Z01,9.37,SW,winter,clear,18.8,2,1,0.5,5
Z04,0,W,spring,cloudy,15.5,3,2,0.667,0
Z03,8.86,NW,winter,rain,4.9,2,2,1,3
Z06,3.11,NE,winter,clear,14.2,3,3,1,0
Z06,17.01,N,summer,clear,20.1,2,2,1,2
Z07,0.15,NE,summer,clear,11.6,4,2,0.5,0
Z01,12.3,E,summer,clear,33,4,1,0.25,1
Z01,4.72,SE,summer,clear,26.7,2,1,0.5,3
Z03,7.27,W,autumn,cloudy,30.4,3,2,0.667,3
Z02,13.49,E,winter,rain,20.3,3,3,1,7
Z06,25.19,NW,winter,clear,37.1,3,2,0.667,15
Z08,24.4,E,autumn,clear,28.4,3,0,0,6
Z01,4.72,S,autumn,cloudy,44.6,2,2,1,2
Z04,8.07,W,winter,clear,28.5,4,3,0.75,3
Z07,2.83,W,summer,clear,18.3,3,1,0.333,0
Z05,16.1,S,autumn,clear,26.3,2,1,0.5,6
Z08,6.1,S,summer,clear,8.6,2,1,0.5,2
Z03,8.25,S,summer,snow,8.7,2,0,0,1
Z02,0,S,winter,clear,30.2,3,2,0.667,0
Z07,4.61,NW,summer,rain,9.7,4,2,0.5,2
Z05,13.76,NW,autumn,fog,25.2,2,0,0,2
Z03,7.61,SE,spring,clear,26.7,3,1,0.333,0
Z05,0,NW,summer,clear,11.6,4,3,0.75,0
Z03,10.14,SE,autumn,clear,26.3,4,2,0.5,2
Z02,1.5,SE,summer,cloudy,24.5,2,1,0.5,1
Z01,19.53,S,summer,clear,14.4,4,3,0.75,7
Z04,18.32,E,summer,clear,16,2,1,0.5,4
Z08,6.1,W,spring,clear,27.6,3,2,0.667,3
Z01,1.92,SW,winter,cloudy,8.7,4,3,0.75,0
Z05,10.09,SE,winter,rain,12.7,3,3,1,2
Z06,1.21,N,spring,clear,32,3,3,1,1
Z02,21.72,NE,autumn,rain,36.3,4,2,0.5,14
Z06,6.74,SW,winter,clear,12.4,2,0,0,2
Z05,9.49,NW,summer,clear,25.4,4,2,0.5,2
Z05,11.44,S,spring,cloudy,9.1,3,1,0.333,2
Z04,6.71,N,winter,clear,4.5,2,2,1,1
Z04,17.85,NE,summer,fog,17.5,4,3,0.75,6
Z03,18.98,SE,autumn,clear,17.6,2,2,1,2
Z05,0,E,spring,clear,33.9,3,3,1,0
Z04,10.75,S,summer,cloudy,13.4,4,3,0.75,2
Z05,7.84,NE,winter,cloudy,23.7,4,3,0.75,2
Z03,2.56,SE,spring,cloudy,15.9,2,1,0.5,0
Z06,9.62,W,summer,clear,9.6,3,2,0.667,3
Z04,9.54,SW,summer,cloudy,21.2,4,4,1,8
Z06,24.6,NW,summer,clear,24.6,2,0,0,9
Z01,7.59,SW,spring,cloudy,19.5,3,0,0,1
Z08,2.27,S,spring,clear,20.1,4,2,0.5,0
Z08,5.51,E,autumn,rain,30.9,4,3,0.75,4
Z02,7.57,W,autumn,clear,29.1,4,2,0.5,1
Z03,13.55,W,autumn,cloudy,29.6,2,2,1,3
Z03,11.65,NE,spring,rain,18.8,3,3,1,3
Z08,4.21,NW,autumn,clear,9.9,2,1,0.5,0
Z02,4.49,S,autumn,rain,10.3,2,1,0.5,1
Z07,10.22,SE,spring,clear,17.6,3,2,0.667,3
Z01,2.43,E,spring,clear,15.2,4,4,1,0
Z05,0,SW,spring,rain,17.9,2,2,1,0
Z05,19.84,S,spring,cloudy,7.5,2,1,0.5,3
Z04,18.73,W,winter,clear,20.6,4,3,0.75,10
Z08,12.56,W,summer,cloudy,11.4,4,4,1,2
Z07,23.08,NW,summer,clear,9,3,3,1,5
Z04,0,NE,summer,clear,32.7,2,2,1,0
Z03,12.01,NW,spring,cloudy,23,2,2,1,2
Z01,2.85,SE,autumn,clear,11.6,3,3,1,0
Z06,5.95,SE,summer,cloudy,25.3,4,1,0.25,2
Z06,16.01,SW,spring,rain,21.7,4,2,0.5,15
Z08,16.8,W,summer,cloudy,22.6,2,2,1,0
Z04,5.29,E,autumn,clear,41.4,3,1,0.333,3
Z05,10.61,SE,spring,clear,18.7,3,2,0.667,1
Z02,13.68,E,winter,rain,21.4,3,0,0,9
Z06,7.39,E,autumn,clear,26,4,1,0.25,1
Z01,5.55,W,summer,clear,23,2,1,0.5,4
Z08,5.27,NW,spring,clear,31.3,2,2,1,1
Z03,18.46,E,spring,clear,47.1,3,1,0.333,2
Z05,17.96,SE,summer,clear,25.9,2,2,1,8
Z05,2.8,N,summer,clear,19.6,4,2,0.5,0
Z08,6.67,SW,winter,rain,13.4,2,1,0.5,0
Z04,7.11,E,autumn,cloudy,13.1,2,2,1,0
Z08,5.13,SE,spring,rain,24,4,1,0.25,1
Z07,7.76,NW,spring,clear,10.3,4,1,0.25,2
Z07,8.4,W,summer,clear,18.6,3,3,1,0
Z03,17.83,W,autumn,clear,15.9,2,0,0,6
Z03,10.43,S,winter,clear,22.9,2,1,0.5,1
Z05,22.33,N,autumn,clear,17.9,4,1,0.25,11
Z06,4.28,NW,autumn,snow,30,3,3,1,1
Z02,4.18,N,summer,clear,28.2,3,3,1,0
Z08,25.64,NW,winter,cloudy,17.7,4,3,0.75,5
Z04,6.71,E,spring,clear,30.1,2,1,0.5,2
Z02,14.04,NW,spring,fog,21,3,2,0.667,5
Z06,9.74,SW,spring,rain,25.6,2,1,0.5,7
Z05,7.27,NW,summer,rain,21.9,2,0,0,4
Z04,18.55,S,winter,clear,3,2,2,1,5
Z02,4.78,SE,winter,rain,28.7,2,2,1,4
Z02,13.87,S,summer,cloudy,18.6,4,4,1,2
Z02,5.83,SE,spring,fog,18.5,2,1,0.5,3
Z03,6.94,S,summer,rain,38.4,3,1,0.333,2
Z03,21.27,W,winter,clear,14.1,4,3,0.75,7
Z05,0,NE,autumn,rain,14.7,3,1,0.333,0
Z07,6.92,E,winter,clear,25.6,3,3,1,3
Z01,11.87,NE,summer,cloudy,31.2,3,3,1,3
Z03,7.79,NW,spring,clear,10.7,3,2,0.667,5
Z03,18.48,E,winter,rain,22.4,3,3,1,11
Z01,6.41,W,spring,rain,10.6,2,2,1,7
Z07,18.81,SE,spring,clear,13.7,4,2,0.5,6
Z02,16.92,NW,spring,clear,21,4,3,0.75,5
Z05,20.09,W,summer,clear,14.5,3,2,0.667,7
Z08,10.15,W,summer,clear,25.2,2,2,1,3
Z07,0.38,W,spring,fog,22.5,2,0,0,0
Z03,15.94,NW,summer,clear,10.6,3,3,1,5
Z07,21.06,E,spring,clear,17.9,4,2,0.5,6
Z03,20.66,N,summer,clear,8.1,2,2,1,7
Z03,12.19,S,winter,cloudy,19.6,2,2,1,1
Z03,13.88,W,autumn,clear,13.7,4,1,0.25,3
Z03,20.39,E,autumn,clear,3,3,3,1,2
Z01,8.64,S,summer,clear,36.6,4,2,0.5,3
Z06,10.71,SE,autumn,clear,28,2,2,1,6
Z05,4.57,NW,autumn,rain,20.8,4,3,0.75,0
Z08,0,SW,summer,clear,33.9,4,2,0.5,0
Z08,31.6,N,spring,clear,20.1,2,2,1,6
Z05,2.28,N,autumn,cloudy,40.9,2,2,1,0
Z07,10.19,NW,winter,snow,34.4,2,1,0.5,3
Z08,24.64,NE,summer,cloudy,15.1,2,2,1,8
Z02,17.36,NW,spring,clear,11.7,4,3,0.75,5
Z05,18.44,E,winter,clear,36,4,4,1,5
Z04,12.32,N,spring,rain,12.7,3,1,0.333,7
Z06,11.93,NE,summer,rain,10.3,3,2,0.667,7
Z01,22.52,NE,summer,cloudy,27.3,2,1,0.5,8
Z06,30.09,NE,spring,clear,40.1,4,3,0.75,12
Z08,4.4,S,autumn,cloudy,35.2,3,2,0.667,1
Z07,9.93,N,autumn,rain,19.2,2,1,0.5,2
Z05,16.62,SW,winter,clear,37.8,2,2,1,6
Z06,4.4,SE,autumn,fog,19.3,4,2,0.5,2
Z04,20.43,SW,autumn,snow,18.5,4,2,0.5,3
Z03,10.41,E,autumn,clear,20.2,4,4,1,6
Z02,12.91,S,spring,clear,35.8,4,3,0.75,9
Z07,2.68,NE,spring,rain,32.6,4,2,0.5,2
Z02,20.04,SW,spring,rain,26.4,2,0,0,14
Z05,0,SW,summer,rain,27.3,3,2,0.667,0
Z05,19.19,NW,spring,rain,3,3,2,0.667,7
Z02,0.4,NE,summer,cloudy,12.9,4,3,0.75,0
Z08,13.69,NW,summer,clear,28.4,2,0,0,4
Z06,19.73,S,autumn,fog,33.2,4,1,0.25,9
Z02,6.91,SW,spring,clear,19.1,3,1,0.333,0
Z03,1.37,SW,winter,cloudy,25.1,4,2,0.5,0
Z01,5.74,N,summer,clear,9,3,1,0.333,2
Z05,15.19,S,spring,clear,15.4,4,2,0.5,3
Z03,18.1,SE,autumn,clear,26.6,2,2,1,5
Z02,15.24,SW,autumn,clear,23.6,3,1,0.333,2
Z02,6.85,SE,autumn,clear,39.4,3,1,0.333,1
Z07,5.24,SW,winter,clear,3,2,2,1,3
Z05,10.58,NE,summer,rain,12.6,2,1,0.5,4
Z08,16.37,SE,autumn,cloudy,26.3,2,1,0.5,6
Z06,10.96,E,autumn,clear,3,3,2,0.667,1
Z06,11.54,W,autumn,cloudy,31.4,4,4,1,2
Z06,14.61,E,spring,clear,22.3,3,2,0.667,6
Z07,19.95,W,summer,cloudy,29.2,2,2,1,7
Z02,14.04,E,summer,rain,23.2,4,2,0.5,8
Z05,10.85,E,autumn,clear,24.5,3,2,0.667,7
Z04,6.73,NW,autumn,rain,24,2,1,0.5,1
Z08,8.32,NE,summer,cloudy,26.1,2,0,0,2
Z04,7.38,NE,spring,clear,6.3,3,2,0.667,4
Z01,13.83,S,summer,snow,34.9,4,2,0.5,4
Z04,18.44,N,winter,rain,20.4,3,0,0,11
Z01,6.23,N,spring,clear,13.4,2,2,1,0
Z06,9.68,NE,autumn,clear,13.9,3,3,1,5
